run_id,nodes,num_clients,iter_count,max_async,duration,meas_warmup,meas_cooldown,sample_compute,collocate_client,block_size,pace_maker,nworker,repnworker,clinworker,repburst,cliburst,sb_users,sb_prob_choose_mtx,sb_skew_factor,lat_node0,lat_node1,lat_node2,lat_node3,cpu_node0,cpu_node1,cpu_node2,cpu_node3,tps,latency_ms_mean,latency_ms_p50,latency_ms_p95,latency_ms_p99,duration_s,n_committed,n_records_dumped,raw_dump_truncated,n_clients,n_replicas_booted,tps_steady,latency_ms_mean_steady,latency_ms_p50_steady,latency_ms_p99_steady,latency_ms_p99_steady_worst_client,n_committed_steady,steady_span_s,clients_committing,last_commit_s,longest_zero_commit_s,stalled,status
K_B1_lead_f0_f3_c6_r1,4,2,-1,1000,60,10,2,true,false,200,dummy,4,4,4,1000,1000,1000000,0.9,0.1,0,0,0,0,6,6,0,6,157590.77,12.685,12.274,16.737,18.201,62.5,9849530,735545,True,2,4,157214.28,12.718,,,18.008,7949930,50.55,2,62.52,0,False,OK
K_B1_f3_c8_r1,4,2,-1,1000,60,10,2,true,false,200,dummy,4,4,4,1000,1000,1000000,0.9,0.1,0,0,0,0,0,0,0,8,164378.28,12.16,12.096,14.392,15.717,62.46,10266843,716423,True,2,4,163830.63,12.204,,,16.954,8278184,50.51,2,62.48,0,False,OK
K_B4_f3_c4_r1,4,8,-1,4000,60,10,2,true,false,3200,dummy,4,4,4,1000,1000,1000000,0.9,0.1,0,0,0,0,0,0,0,4,450458.29,71.009,68.316,79.407,104.409,62.86,28317030,2682842,True,8,4,448967.14,71.273,,,148.02,22873879,50.78,8,63.05,0,False,OK
K_B1_f3_c6_r1,4,2,-1,1000,60,10,2,true,false,200,dummy,4,4,4,1000,1000,1000000,0.9,0.1,0,0,0,0,0,0,0,6,171617.1,11.647,11.561,13.848,15.649,62.81,10779074,721592,True,2,4,170966.99,11.694,,,19.212,8698336,50.85,2,62.82,0,False,OK
K_B4_lead_f0_f3_c6_r1,4,8,-1,4000,60,10,2,true,false,3200,dummy,4,4,4,1000,1000,1000000,0.9,0.1,0,0,0,0,6,6,0,6,426660.24,74.969,71.55,78.514,86.8,62.76,26778337,2755149,True,8,4,423775.47,75.503,,,92.805,21548463,50.69,8,62.95,0,False,OK
K_B2_lead_c8_r1,4,4,-1,1000,60,10,2,true,false,800,dummy,4,4,4,1000,1000,1000000,0.9,0.1,0,0,0,0,0,8,0,0,303740.46,13.18,12.333,13.655,15.943,62.53,18991451,1429888,True,4,4,302995.48,13.197,,,16.472,15353769,50.61,4,62.67,0,False,OK
K_B3_lead_f0_c3_r1,4,8,-1,1000,60,10,2,true,false,1600,dummy,4,4,4,1000,1000,1000000,0.9,0.1,0,0,0,0,3,3,0,0,374633.79,21.387,20.629,23.008,24.983,62.75,23507086,2782076,True,8,4,372605.69,21.465,,,25.518,18972783,50.76,8,63.03,0,False,OK
K_B2_lead_f0_c6_r1,4,4,-1,1000,60,10,2,true,false,800,dummy,4,4,4,1000,1000,1000000,0.9,0.1,0,0,0,0,6,6,0,0,312061.6,12.827,12.134,13.778,17.494,62.46,19492708,1429153,True,4,4,309275.08,12.929,,,18.047,15654569,50.55,4,62.61,0,False,OK
K_B3_lead_f0_f3_c4_r1,4,8,-1,1000,60,10,2,true,false,1600,dummy,4,4,4,1000,1000,1000000,0.9,0.1,0,0,0,0,4,4,0,4,362014.73,22.134,21.38,25.339,28.212,62.69,22693609,2811304,True,8,4,360745.44,22.172,,,28.506,18345167,50.7,8,62.97,0,False,OK
K_B4_lead_c2_r1,4,8,-1,4000,60,10,2,true,false,3200,dummy,4,4,4,1000,1000,1000000,0.9,0.1,0,0,0,0,0,2,0,0,342635.97,93.33,90.752,100.596,107.39,62.76,21502777,2826630,True,8,4,341049.42,93.824,,,111.495,17331343,50.66,8,62.94,0,False,OK
K_B2_lead_f3_c8_r1,4,4,-1,1000,60,10,2,true,false,800,dummy,4,4,4,1000,1000,1000000,0.9,0.1,0,0,0,0,0,8,0,8,311844.17,12.837,13.216,15.645,18.504,62.45,19473849,1445633,True,4,4,311915.7,12.819,,,16.262,15782409,50.53,4,62.6,0,False,OK
K_B2_lead_f3_c2_r1,4,4,-1,1000,60,10,2,true,false,800,dummy,4,4,4,1000,1000,1000000,0.9,0.1,0,0,0,0,0,2,0,2,263298.18,15.172,13.93,15.925,17.51,62.02,16330200,1460718,True,4,4,260296.24,15.328,,,28.781,13157627,50.48,4,62.17,0,False,OK
K_B3_lead_f3_c8_r1,4,8,-1,1000,60,10,2,true,false,1600,dummy,4,4,4,1000,1000,1000000,0.9,0.1,0,0,0,0,0,8,0,8,424515.62,18.875,17.672,21.986,27.406,62.49,26529525,2763481,True,8,4,420843.58,19.004,,,28.687,21325154,50.52,8,62.78,0,False,OK
K_B3_lead_f3_c1_r1,4,8,-1,1000,60,10,2,true,false,1600,dummy,4,4,4,1000,1000,1000000,0.9,0.1,0,0,0,0,0,1,0,1,188441.13,42.52,41.753,49.126,52.925,62.5,11778400,2852687,True,8,4,187840.51,42.584,,,56.876,9515208,50.49,8,62.79,0,False,OK
K_B3_lead_f0_c8_r1,4,8,-1,1000,60,10,2,true,false,1600,dummy,4,4,4,1000,1000,1000000,0.9,0.1,0,0,0,0,8,8,0,0,441034.64,18.168,16.706,20.614,25.429,62.55,27585977,2759499,True,8,4,437280.92,18.29,,,26.586,22181770,50.57,8,62.83,0,False,OK
K_B1_f3_c3_r1,4,2,-1,1000,60,10,2,true,false,200,dummy,4,4,4,1000,1000,1000000,0.9,0.1,0,0,0,0,0,0,0,3,166301.57,12.019,11.975,14.335,15.955,62.52,10396580,736613,True,2,4,166179.82,12.03,,,15.768,8405258,50.56,2,62.53,0,False,OK
K_B3_f3_c2_r1,4,8,-1,1000,60,10,2,true,false,1600,dummy,4,4,4,1000,1000,1000000,0.9,0.1,0,0,0,0,0,0,0,2,425847.25,18.522,16.839,21.064,26.591,62.54,26632196,2762645,True,8,4,420117.77,18.699,,,33.549,21307203,50.57,8,62.82,0,False,OK
K_B4_lead_f0_c1_r1,4,8,-1,4000,60,10,2,true,false,3200,dummy,4,4,4,1000,1000,1000000,0.9,0.1,0,0,0,0,1,1,0,0,194207.35,164.576,160.656,174.284,184.589,62.62,12161317,2875378,True,8,4,193370.19,165.451,,,191.828,9796688,50.5,8,62.8,0,False,OK
K_B1_ctl_c0_r1,4,2,-1,1000,60,10,2,true,false,200,dummy,4,4,4,1000,1000,1000000,0.9,0.1,0,0,0,0,0,0,0,0,165331.01,12.089,12.475,15.246,16.526,62.6,10350422,718723,True,2,4,165673.73,12.067,,,15.808,8394707,50.65,2,62.62,0,False,OK
K_B3_lead_f0_c4_r1,4,8,-1,1000,60,10,2,true,false,1600,dummy,4,4,4,1000,1000,1000000,0.9,0.1,0,0,0,0,4,4,0,0,358996.77,22.32,21.677,25.266,28.667,62.58,22467200,2780537,True,8,4,357421.04,22.378,,,28.016,18139193,50.58,8,62.87,0,False,OK
K_B2_f0_c1_r1,4,4,-1,1000,60,10,2,true,false,800,dummy,4,4,4,1000,1000,1000000,0.9,0.1,0,0,0,0,1,0,0,0,276282.44,13.998,11.759,13.029,14.803,62.37,17232058,1439343,True,4,4,276163.79,13.923,,,41.426,13952142,50.46,4,62.52,0,False,OK
K_B1_lead_c3_r1,4,2,-1,1000,60,10,2,true,false,200,dummy,4,4,4,1000,1000,1000000,0.9,0.1,0,0,0,0,0,3,0,0,168297.0,11.877,11.926,13.89,15.309,62.61,10537570,724754,True,2,4,168401.95,11.872,,,15.169,8534584,50.66,2,62.63,0,False,OK
K_B4_lead_f0_c3_r1,4,8,-1,4000,60,10,2,true,false,3200,dummy,4,4,4,1000,1000,1000000,0.9,0.1,0,0,0,0,3,3,0,0,392570.06,81.46,76.899,84.668,92.145,62.77,24643080,2769912,True,8,4,389124.23,82.224,,,92.509,19781810,50.68,8,62.95,0,False,OK
K_B3_f0_c1_r1,4,8,-1,1000,60,10,2,true,false,1600,dummy,4,4,4,1000,1000,1000000,0.9,0.1,0,0,0,0,1,0,0,0,398321.81,20.054,18.608,20.794,28.997,62.55,24915940,2782545,True,8,4,393089.8,20.281,,,37.146,19941168,50.57,8,62.84,0,False,OK
K_B1_lead_c8_r1,4,2,-1,1000,60,10,2,true,false,200,dummy,4,4,4,1000,1000,1000000,0.9,0.1,0,0,0,0,0,8,0,0,166701.94,11.991,12.287,14.933,16.443,62.62,10438200,732635,True,2,4,167174.78,11.96,,,15.714,8472686,50.66,2,62.63,0,False,OK
K_B2_lead_f0_c2_r1,4,4,-1,1000,60,10,2,true,false,800,dummy,4,4,4,1000,1000,1000000,0.9,0.1,0,0,0,0,2,2,0,0,277817.96,14.409,14.084,16.033,17.799,62.3,17308030,1442193,True,4,4,277758.94,14.396,,,17.74,14011050,50.38,4,62.45,0,False,OK
K_B1_lead_f0_c6_r1,4,2,-1,1000,60,10,2,true,false,200,dummy,4,4,4,1000,1000,1000000,0.9,0.1,0,0,0,0,6,6,0,0,169873.28,11.766,11.364,13.436,15.235,62.57,10628747,734731,True,2,4,169030.27,11.828,,,17.378,8558599,50.61,2,62.59,0,False,OK
K_B4_lead_f0_c2_r1,4,8,-1,4000,60,10,2,true,false,3200,dummy,4,4,4,1000,1000,1000000,0.9,0.1,0,0,0,0,2,2,0,0,334037.08,95.737,91.781,100.446,109.466,62.59,20906744,2831236,True,8,4,331920.14,96.395,,,114.38,16813667,50.49,8,62.77,0,False,OK
K_B4_lead_f0_c4_r1,4,8,-1,4000,60,10,2,true,false,3200,dummy,4,4,4,1000,1000,1000000,0.9,0.1,0,0,0,0,4,4,0,0,386698.52,82.704,77.311,87.201,93.14,62.68,24237190,2804692,True,8,4,383105.79,83.525,,,95.603,19440971,50.59,8,62.86,0,False,OK
K_B2_lead_f0_f3_c8_r1,4,4,-1,1000,60,10,2,true,false,800,dummy,4,4,4,1000,1000,1000000,0.9,0.1,0,0,0,0,8,8,0,8,309763.47,12.923,12.614,14.944,17.017,62.43,19338232,1437398,True,4,4,308046.99,12.98,,,17.684,15579859,50.51,4,62.58,0,False,OK
K_B3_lead_f0_f3_c2_r1,4,8,-1,1000,60,10,2,true,false,1600,dummy,4,4,4,1000,1000,1000000,0.9,0.1,0,0,0,0,2,2,0,2,296300.32,27.037,24.885,28.892,31.336,62.51,18521589,2814717,True,8,4,293056.02,27.275,,,41.85,14850590,50.51,8,62.79,0,False,OK
K_B3_f0_c8_r1,4,8,-1,1000,60,10,2,true,false,1600,dummy,4,4,4,1000,1000,1000000,0.9,0.1,0,0,0,0,8,0,0,0,448248.19,17.875,16.06,19.777,24.416,62.49,28011200,2746825,True,8,4,443382.43,18.039,,,29.193,22464811,50.5,8,62.77,0,False,OK
K_B4_lead_f0_c6_r1,4,8,-1,4000,60,10,2,true,false,3200,dummy,4,4,4,1000,1000,1000000,0.9,0.1,0,0,0,0,6,6,0,0,431183.62,74.173,69.468,75.809,89.268,62.73,27047785,2761486,True,8,4,428220.06,74.722,,,94.274,21755971,50.65,8,62.91,0,False,OK
K_B2_lead_f3_c4_r1,4,4,-1,1000,60,10,2,true,false,800,dummy,4,4,4,1000,1000,1000000,0.9,0.1,0,0,0,0,0,4,0,4,301218.14,13.29,13.545,15.384,17.568,62.34,18777910,1434812,True,4,4,302830.06,13.204,,,15.973,15289211,50.42,4,62.49,0,False,OK
K_B4_f3_c3_r1,4,8,-1,4000,60,10,2,true,false,3200,dummy,4,4,4,1000,1000,1000000,0.9,0.1,0,0,0,0,0,0,0,3,461581.24,69.2,67.804,76.24,88.415,62.6,28896779,2722368,True,8,4,460524.55,69.354,,,253.78,23343953,50.53,8,62.79,0,False,OK
K_B1_f0_c4_r1,4,2,-1,1000,60,10,2,true,false,200,dummy,4,4,4,1000,1000,1000000,0.9,0.1,0,0,0,0,4,0,0,0,164999.8,12.114,11.903,14.477,16.119,62.51,10313565,734925,True,2,4,164857.46,12.127,,,16.167,8337760,50.55,2,62.52,0,False,OK
K_B1_f0_c3_r1,4,2,-1,1000,60,10,2,true,false,200,dummy,4,4,4,1000,1000,1000000,0.9,0.1,0,0,0,0,3,0,0,0,174854.79,11.431,11.123,13.694,15.158,62.44,10918112,719895,True,2,4,172956.15,11.56,,,15.832,8735817,50.49,2,62.46,0,False,OK
K_B3_lead_c4_r1,4,8,-1,1000,60,10,2,true,false,1600,dummy,4,4,4,1000,1000,1000000,0.9,0.1,0,0,0,0,0,4,0,0,388936.71,20.601,21.147,25.892,28.099,62.63,24358101,2789610,True,8,4,390718.4,20.47,,,26.386,19847277,50.64,8,62.91,0,False,OK
K_B2_lead_f0_f3_c2_r1,4,4,-1,1000,60,10,2,true,false,800,dummy,4,4,4,1000,1000,1000000,0.9,0.1,0,0,0,0,2,2,0,2,248420.12,16.115,14.106,16.123,17.899,62.37,15495200,1469660,True,4,4,241334.35,16.569,,,44.757,12190306,50.45,4,62.52,0,False,OK
K_B4_f3_c1_r1,4,8,-1,4000,60,10,2,true,false,3200,dummy,4,4,4,1000,1000,1000000,0.9,0.1,0,0,0,0,0,0,0,1,462708.9,69.131,64.362,71.0,81.248,62.63,28978709,2738099,True,8,4,458055.47,69.853,,,114.118,23231481,50.56,8,62.82,0,False,OK
K_B2_f0_c8_r1,4,4,-1,1000,60,10,2,true,false,800,dummy,4,4,4,1000,1000,1000000,0.9,0.1,0,0,0,0,8,0,0,0,292970.89,13.664,12.91,15.082,16.567,62.46,18299376,1441255,True,4,4,292267.25,13.682,,,18.483,14791169,50.54,4,62.61,0,False,OK
K_B3_lead_c8_r1,4,8,-1,1000,60,10,2,true,false,1600,dummy,4,4,4,1000,1000,1000000,0.9,0.1,0,0,0,0,0,8,0,0,433583.1,18.48,17.192,21.578,24.862,62.6,27140419,2724845,True,8,4,430871.36,18.562,,,31.508,21876395,50.61,8,62.88,0,False,OK
K_B4_lead_f0_c8_r1,4,8,-1,4000,60,10,2,true,false,3200,dummy,4,4,4,1000,1000,1000000,0.9,0.1,0,0,0,0,8,8,0,0,449200.01,71.197,65.977,69.942,79.859,62.7,28164036,2754688,True,8,4,443611.69,72.126,,,96.981,22523012,50.61,8,62.88,0,False,OK
K_B3_lead_f3_c3_r1,4,8,-1,1000,60,10,2,true,false,1600,dummy,4,4,4,1000,1000,1000000,0.9,0.1,0,0,0,0,0,3,0,3,374977.96,21.36,19.659,22.411,24.531,62.48,23430097,2784385,True,8,4,372628.49,21.465,,,29.435,18878530,50.51,8,62.77,0,False,OK
K_B2_f3_c2_r1,4,4,-1,1000,60,10,2,true,false,800,dummy,4,4,4,1000,1000,1000000,0.9,0.1,0,0,0,0,0,0,0,2,264744.66,14.978,11.227,13.258,15.243,62.41,16522092,1436462,True,4,4,256344.61,15.452,,,244.629,12950928,50.45,4,62.55,0,False,OK
K_B3_lead_f3_c2_r1,4,8,-1,1000,60,10,2,true,false,1600,dummy,4,4,4,1000,1000,1000000,0.9,0.1,0,0,0,0,0,2,0,2,301694.98,26.561,25.396,29.25,31.601,62.39,18823781,2800407,True,8,4,299540.21,26.702,,,40.438,15143707,50.39,8,62.68,0,False,OK
K_B4_lead_f3_c3_r1,4,8,-1,4000,60,10,2,true,false,3200,dummy,4,4,4,1000,1000,1000000,0.9,0.1,0,0,0,0,0,3,0,3,395659.7,80.84,78.378,85.574,93.175,62.61,24773835,2702990,True,8,4,393964.81,81.212,,,238.268,19970488,50.54,8,62.8,0,False,OK
K_B2_lead_f3_c3_r1,4,4,-1,1000,60,10,2,true,false,800,dummy,4,4,4,1000,1000,1000000,0.9,0.1,0,0,0,0,0,3,0,3,311406.55,12.855,12.887,15.293,17.855,62.45,19446400,1436527,True,4,4,311355.43,12.843,,,16.64,15753703,50.53,4,62.6,0,False,OK
K_B4_lead_c3_r1,4,8,-1,4000,60,10,2,true,false,3200,dummy,4,4,4,1000,1000,1000000,0.9,0.1,0,0,0,0,0,3,0,0,426412.79,75.004,70.024,81.048,98.807,62.67,26723751,2737793,True,8,4,422746.72,75.688,,,103.973,21451636,50.59,8,62.85,0,False,OK
K_B3_f0_c2_r1,4,8,-1,1000,60,10,2,true,false,1600,dummy,4,4,4,1000,1000,1000000,0.9,0.1,0,0,0,0,2,0,0,0,381558.68,20.953,19.045,25.755,29.231,62.62,23894286,2761868,True,8,4,378437.36,21.08,,,48.353,19224434,50.65,8,62.91,0,False,OK
K_B1_lead_f0_c4_r1,4,2,-1,1000,60,10,2,true,false,200,dummy,4,4,4,1000,1000,1000000,0.9,0.1,0,0,0,0,4,4,0,0,158879.11,12.581,12.495,16.747,18.503,62.51,9932150,734308,True,2,4,159110.82,12.566,,,19.279,8047224,50.56,2,62.53,0,False,OK
K_B4_f0_c2_r1,4,8,-1,4000,60,10,2,true,false,3200,dummy,4,4,4,1000,1000,1000000,0.9,0.1,0,0,0,0,2,0,0,0,408977.13,77.478,67.628,83.607,316.562,62.61,25606814,2756214,True,8,4,404525.63,78.237,,,237.169,20502447,50.51,8,62.79,0,False,OK
K_B3_f3_c3_r1,4,8,-1,1000,60,10,2,true,false,1600,dummy,4,4,4,1000,1000,1000000,0.9,0.1,0,0,0,0,0,0,0,3,417867.98,19.122,16.485,20.496,25.968,62.55,26135952,2733354,True,8,4,412566.74,19.318,,,57.071,20928823,50.57,8,62.83,0,False,OK
K_B1_lead_f3_c2_r1,4,2,-1,1000,60,10,2,true,false,200,dummy,4,4,4,1000,1000,1000000,0.9,0.1,0,0,0,0,0,2,0,2,154218.83,12.961,12.891,15.923,17.334,62.45,9630206,731863,True,2,4,154317.75,12.957,,,17.824,7793855,50.49,2,62.46,0,False,OK
K_B3_lead_f0_f3_c6_r1,4,8,-1,1000,60,10,2,true,false,1600,dummy,4,4,4,1000,1000,1000000,0.9,0.1,0,0,0,0,6,6,0,6,425064.49,18.851,18.015,21.376,25.367,62.46,26550977,2753113,True,8,4,423413.71,18.889,,,24.549,21442253,50.48,8,62.75,0,False,OK
K_B2_lead_f3_c6_r1,4,4,-1,1000,60,10,2,true,false,800,dummy,4,4,4,1000,1000,1000000,0.9,0.1,0,0,0,0,0,6,0,6,307684.25,13.011,12.613,14.491,16.509,62.57,19252416,1433873,True,4,4,306310.38,13.054,,,16.976,15535834,50.65,4,62.72,0,False,OK
K_B3_lead_f0_f3_c1_r1,4,8,-1,1000,60,10,2,true,false,1600,dummy,4,4,4,1000,1000,1000000,0.9,0.1,0,0,0,0,1,1,0,1,188199.23,42.547,41.723,47.303,50.595,62.49,11760623,2837208,True,8,4,187641.22,42.592,,,54.56,9503614,50.49,8,62.78,0,False,OK
K_B2_lead_c3_r1,4,4,-1,1000,60,10,2,true,false,800,dummy,4,4,4,1000,1000,1000000,0.9,0.1,0,0,0,0,0,3,0,0,299175.45,13.381,12.863,14.501,17.69,62.48,18691898,1435232,True,4,4,297373.91,13.447,,,17.818,15055121,50.56,4,62.63,0,False,OK
K_B1_lead_f0_c8_r1,4,2,-1,1000,60,10,2,true,false,200,dummy,4,4,4,1000,1000,1000000,0.9,0.1,0,0,0,0,8,8,0,0,172606.55,11.58,12.069,15.426,17.162,62.64,10811273,714466,True,2,4,174403.04,11.463,,,16.088,8844136,50.68,2,62.65,0,False,OK
K_B2_lead_f0_c4_r1,4,4,-1,1000,60,10,2,true,false,800,dummy,4,4,4,1000,1000,1000000,0.9,0.1,0,0,0,0,4,4,0,0,307397.39,13.022,12.722,14.306,15.752,62.52,19218252,1457721,True,4,4,307382.7,13.009,,,18.371,15574182,50.59,4,62.67,0,False,OK
K_B4_lead_f0_f3_c4_r1,4,8,-1,4000,60,10,2,true,false,3200,dummy,4,4,4,1000,1000,1000000,0.9,0.1,0,0,0,0,4,4,0,4,378686.73,84.447,79.658,91.677,100.52,62.67,23732891,2785260,True,8,4,374646.42,85.411,,,104.638,19007976,50.58,8,62.85,0,False,OK
K_B4_f3_c8_r1,4,8,-1,4000,60,10,2,true,false,3200,dummy,4,4,4,1000,1000,1000000,0.9,0.1,0,0,0,0,0,0,0,8,466332.13,68.598,63.678,73.024,87.883,62.66,29219020,2734764,True,8,4,461530.38,69.331,,,167.514,23418304,50.58,8,62.84,0,False,OK
K_B3_lead_c2_r1,4,8,-1,1000,60,10,2,true,false,1600,dummy,4,4,4,1000,1000,1000000,0.9,0.1,0,0,0,0,0,2,0,0,327074.2,24.499,23.871,27.175,29.247,62.61,20477241,2822953,True,8,4,326122.5,24.526,,,29.755,16558419,50.61,8,62.89,0,False,OK
K_B3_lead_c3_r1,4,8,-1,1000,60,10,2,true,false,1600,dummy,4,4,4,1000,1000,1000000,0.9,0.1,0,0,0,0,0,3,0,0,416405.73,19.243,18.465,21.231,23.498,62.6,26066884,2741992,True,8,4,415068.98,19.27,,,28.071,21080182,50.61,8,62.89,0,False,OK
K_B3_f3_c4_r1,4,8,-1,1000,60,10,2,true,false,1600,dummy,4,4,4,1000,1000,1000000,0.9,0.1,0,0,0,0,0,0,0,4,356507.52,20.113,19.475,22.109,23.732,62.81,22390682,2807008,True,8,4,354436.82,20.162,,,25.109,18066620,50.82,8,63.09,0,False,OK
K_B4_f3_c6_r1,4,8,-1,4000,60,10,2,true,false,3200,dummy,4,4,4,1000,1000,1000000,0.9,0.1,0,0,0,0,0,0,0,6,446541.48,71.628,67.273,79.207,90.512,62.69,27991852,2739833,True,8,4,443435.29,72.156,,,91.369,22511596,50.61,8,62.87,0,False,OK
K_B3_f3_c6_r1,4,8,-1,1000,60,10,2,true,false,1600,dummy,4,4,4,1000,1000,1000000,0.9,0.1,0,0,0,0,0,0,0,6,450982.89,17.767,16.866,20.596,24.852,62.54,28203202,2754265,True,8,4,449789.79,17.781,,,27.162,22811986,50.56,8,62.82,0,False,OK
K_B2_lead_f0_f3_c3_r1,4,4,-1,1000,60,10,2,true,false,800,dummy,4,4,4,1000,1000,1000000,0.9,0.1,0,0,0,0,3,3,0,3,300765.83,13.309,13.028,15.231,16.736,62.49,18794530,1423028,True,4,4,300519.16,13.306,,,17.325,15216466,50.57,4,62.64,0,False,OK
K_B3_lead_f0_c2_r1,4,8,-1,1000,60,10,2,true,false,1600,dummy,4,4,4,1000,1000,1000000,0.9,0.1,0,0,0,0,2,2,0,0,319532.15,25.077,24.337,27.688,29.824,62.68,20027200,2820489,True,8,4,318329.56,25.127,,,30.628,16185506,50.69,8,62.96,0,False,OK
K_B3_lead_c1_r1,4,8,-1,1000,60,10,2,true,false,1600,dummy,4,4,4,1000,1000,1000000,0.9,0.1,0,0,0,0,0,1,0,0,201143.95,39.837,39.132,45.112,48.903,62.49,12569600,2852678,True,8,4,200616.18,39.874,,,48.735,10161646,50.49,8,62.78,0,False,OK
K_B2_lead_f0_f3_c6_r1,4,4,-1,1000,60,10,2,true,false,800,dummy,4,4,4,1000,1000,1000000,0.9,0.1,0,0,0,0,6,6,0,6,316814.69,12.636,12.482,17.363,20.821,62.52,19806760,1425244,True,4,4,317824.69,12.581,,,18.17,16104854,50.6,4,62.67,0,False,OK
K_B1_lead_f0_c3_r1,4,2,-1,1000,60,10,2,true,false,200,dummy,4,4,4,1000,1000,1000000,0.9,0.1,0,0,0,0,3,3,0,0,159923.01,12.499,12.102,14.305,15.981,62.48,9992243,727801,True,2,4,159475.73,12.536,,,19.19,8061157,50.52,2,62.5,0,False,OK
K_B2_lead_c6_r1,4,4,-1,1000,60,10,2,true,false,800,dummy,4,4,4,1000,1000,1000000,0.9,0.1,0,0,0,0,0,6,0,0,322232.72,12.423,12.351,13.738,16.084,62.34,20087918,1429344,True,4,4,322158.08,12.412,,,14.825,16267765,50.43,4,62.49,0,False,OK
K_B1_f0_c1_r1,4,2,-1,1000,60,10,2,true,false,200,dummy,4,4,4,1000,1000,1000000,0.9,0.1,0,0,0,0,1,0,0,0,167310.02,11.947,12.128,14.183,15.516,62.63,10479060,724128,True,2,4,167657.91,11.925,,,14.763,8500961,50.68,2,62.65,0,False,OK
K_B4_lead_c8_r1,4,8,-1,4000,60,10,2,true,false,3200,dummy,4,4,4,1000,1000,1000000,0.9,0.1,0,0,0,0,0,8,0,0,446038.91,71.703,69.012,76.654,91.815,62.75,27990400,2754700,True,8,4,443706.88,72.116,,,89.783,22554378,50.68,8,62.94,0,False,OK
K_B2_lead_c4_r1,4,4,-1,1000,60,10,2,true,false,800,dummy,4,4,4,1000,1000,1000000,0.9,0.1,0,0,0,0,0,4,0,0,294497.14,13.593,13.872,15.561,17.074,62.5,18405163,1436319,True,4,4,295368.13,13.538,,,16.822,14957319,50.57,4,62.64,0,False,OK
K_B3_lead_f0_f3_c3_r1,4,8,-1,1000,60,10,2,true,false,1600,dummy,4,4,4,1000,1000,1000000,0.9,0.1,0,0,0,0,3,3,0,3,372656.77,21.502,19.777,22.765,24.853,62.64,23345019,2748823,True,8,4,369476.1,21.647,,,27.783,18778045,50.66,8,62.93,0,False,OK
K_B4_lead_c1_r1,4,8,-1,4000,60,10,2,true,false,3200,dummy,4,4,4,1000,1000,1000000,0.9,0.1,0,0,0,0,0,1,0,0,203582.77,157.023,154.328,167.191,176.001,62.59,12742669,2863522,True,8,4,202913.89,157.701,,,181.815,10277123,50.49,8,62.78,0,False,OK
K_B2_lead_f0_f3_c1_r1,4,4,-1,1000,60,10,2,true,false,800,dummy,4,4,4,1000,1000,1000000,0.9,0.1,0,0,0,0,1,1,0,1,159387.73,25.119,23.315,26.597,28.252,62.45,9954400,1484447,True,4,4,157577.38,25.378,,,79.062,7969506,50.5,4,62.6,0,False,OK
K_B3_f3_c8_r1,4,8,-1,1000,60,10,2,true,false,1600,dummy,4,4,4,1000,1000,1000000,0.9,0.1,0,0,0,0,0,0,0,8,450613.4,17.781,16.97,21.387,25.413,62.61,28214355,2730393,True,8,4,449970.19,17.773,,,27.638,22855862,50.63,8,62.9,0,False,OK
K_B4_lead_f3_c8_r1,4,8,-1,4000,60,10,2,true,false,3200,dummy,4,4,4,1000,1000,1000000,0.9,0.1,0,0,0,0,0,8,0,8,449464.3,71.159,65.795,79.816,90.945,62.8,28226027,2752478,True,8,4,444392.01,71.998,,,88.716,22608081,50.72,8,62.99,0,False,OK
K_B4_f0_c3_r1,4,8,-1,4000,60,10,2,true,false,3200,dummy,4,4,4,1000,1000,1000000,0.9,0.1,0,0,0,0,3,0,0,0,428239.41,74.68,71.029,77.942,93.581,62.7,26850683,2765935,True,8,4,425828.32,75.146,,,97.538,21620381,50.62,8,62.88,0,False,OK
K_B1_lead_f0_f3_c4_r1,4,2,-1,1000,60,10,2,true,false,200,dummy,4,4,4,1000,1000,1000000,0.9,0.1,0,0,0,0,4,4,0,4,167863.81,11.907,11.765,13.289,14.585,62.55,10500600,721379,True,2,4,167453.87,11.939,,,15.239,8476958,50.6,2,62.57,0,False,OK
K_B1_lead_c2_r1,4,2,-1,1000,60,10,2,true,false,200,dummy,4,4,4,1000,1000,1000000,0.9,0.1,0,0,0,0,0,2,0,0,162197.4,12.323,12.225,13.305,14.23,62.52,10140400,735972,True,2,4,162193.29,12.327,,,14.44,8203757,50.56,2,62.53,0,False,OK
K_B2_lead_f0_c1_r1,4,4,-1,1000,60,10,2,true,false,800,dummy,4,4,4,1000,1000,1000000,0.9,0.1,0,0,0,0,1,1,0,0,181901.85,22.009,21.489,24.251,26.029,62.49,11366400,1517231,True,4,4,181365.28,22.05,,,26.67,9178344,50.54,4,62.63,0,False,OK
K_B4_lead_f3_c2_r1,4,8,-1,4000,60,10,2,true,false,3200,dummy,4,4,4,1000,1000,1000000,0.9,0.1,0,0,0,0,0,2,0,2,339878.88,94.081,91.54,98.84,104.213,62.59,21272800,2790664,True,8,4,338397.76,94.554,,,268.471,17143381,50.5,8,62.77,0,False,OK
K_B3_f0_c6_r1,4,8,-1,1000,60,10,2,true,false,1600,dummy,4,4,4,1000,1000,1000000,0.9,0.1,0,0,0,0,6,0,0,0,443699.85,18.059,16.341,20.212,25.358,62.6,27776160,2750029,True,8,4,440010.76,18.176,,,25.998,22344655,50.62,8,62.89,0,False,OK
K_B4_f0_c8_r1,4,8,-1,4000,60,10,2,true,false,3200,dummy,4,4,4,1000,1000,1000000,0.9,0.1,0,0,0,0,8,0,0,0,471675.83,67.795,62.205,77.508,92.291,62.65,29548669,2720805,True,8,4,467066.72,68.481,,,167.089,23693950,50.57,8,62.83,0,False,OK
K_B1_lead_f0_c1_r1,4,2,-1,1000,60,10,2,true,false,200,dummy,4,4,4,1000,1000,1000000,0.9,0.1,0,0,0,0,1,1,0,0,131753.19,15.171,15.099,16.267,17.441,62.54,8239800,749031,True,2,4,131719.98,15.179,,,17.456,6663909,50.57,2,62.56,0,False,OK
K_B2_f0_c3_r1,4,4,-1,1000,60,10,2,true,false,800,dummy,4,4,4,1000,1000,1000000,0.9,0.1,0,0,0,0,3,0,0,0,319908.87,12.513,12.38,13.938,16.119,62.51,19997460,1434000,True,4,4,319935.94,12.498,,,16.451,16208073,50.59,4,62.66,0,False,OK
K_B2_f3_c1_r1,4,4,-1,1000,60,10,2,true,false,800,dummy,4,4,4,1000,1000,1000000,0.9,0.1,0,0,0,0,0,0,0,1,323529.77,12.373,11.349,13.173,14.306,62.49,20216090,1433848,True,4,4,322791.34,12.387,,,21.001,16345641,50.58,4,62.63,0,False,OK
K_B3_lead_f3_c4_r1,4,8,-1,1000,60,10,2,true,false,1600,dummy,4,4,4,1000,1000,1000000,0.9,0.1,0,0,0,0,0,4,0,4,389877.02,20.551,19.471,23.051,25.64,62.63,24419377,2789150,True,8,4,387326.23,20.65,,,28.296,19676707,50.65,8,62.92,0,False,OK
K_B4_ctl_c0_r1,4,8,-1,4000,60,10,2,true,false,3200,dummy,4,4,4,1000,1000,1000000,0.9,0.1,0,0,0,0,0,0,0,0,460006.61,69.527,64.722,77.759,95.471,62.8,28889600,2745119,True,8,4,455631.29,70.227,,,95.253,23181790,50.72,8,62.99,0,False,OK
K_B3_f0_c4_r1,4,8,-1,1000,60,10,2,true,false,1600,dummy,4,4,4,1000,1000,1000000,0.9,0.1,0,0,0,0,4,0,0,0,428946.93,18.679,17.645,23.301,26.994,62.81,26943982,2749972,True,8,4,427268.61,18.719,,,27.777,21785840,50.82,8,63.1,0,False,OK
K_B2_lead_f0_c8_r1,4,4,-1,1000,60,10,2,true,false,800,dummy,4,4,4,1000,1000,1000000,0.9,0.1,0,0,0,0,8,8,0,0,313341.88,12.775,12.427,15.182,17.113,62.35,19536822,1433909,True,4,4,312981.15,12.776,,,17.84,15806058,50.43,4,62.5,0,False,OK
K_B2_lead_f3_c1_r1,4,4,-1,1000,60,10,2,true,false,800,dummy,4,4,4,1000,1000,1000000,0.9,0.1,0,0,0,0,0,1,0,1,165330.37,24.207,22.089,25.133,27.015,62.36,10309596,1485940,True,4,4,161957.7,24.683,,,95.435,8174602,50.41,4,62.51,0,False,OK
K_B3_lead_f0_c6_r1,4,8,-1,1000,60,10,2,true,false,1600,dummy,4,4,4,1000,1000,1000000,0.9,0.1,0,0,0,0,6,6,0,0,410347.22,19.526,18.803,23.058,27.698,62.67,25714649,2759144,True,8,4,408665.32,19.571,,,28.117,20775814,50.68,8,62.95,0,False,OK
K_B4_lead_f0_f3_c8_r1,4,8,-1,4000,60,10,2,true,false,3200,dummy,4,4,4,1000,1000,1000000,0.9,0.1,0,0,0,0,8,8,0,8,447881.59,71.416,66.875,77.283,90.711,62.7,28083891,2768527,True,8,4,442689.59,72.272,,,138.046,22483801,50.64,8,62.9,0,False,OK
K_B4_lead_f0_f3_c1_r1,4,8,-1,4000,60,10,2,true,false,3200,dummy,4,4,4,1000,1000,1000000,0.9,0.1,0,0,0,0,1,1,0,1,195664.65,163.35,161.014,171.937,177.454,62.59,12245826,2843197,True,8,4,195054.11,164.059,,,227.115,9876514,50.48,8,62.77,0,False,OK
K_B2_f0_c2_r1,4,4,-1,1000,60,10,2,true,false,800,dummy,4,4,4,1000,1000,1000000,0.9,0.1,0,0,0,0,2,0,0,0,302738.01,13.223,13.792,16.22,17.527,62.37,18882082,1429486,True,4,4,303059.72,13.194,,,16.418,15309668,50.45,4,62.52,0,False,OK
K_B1_f3_c1_r1,4,2,-1,1000,60,10,2,true,false,200,dummy,4,4,4,1000,1000,1000000,0.9,0.1,0,0,0,0,0,0,0,1,178300.05,10.556,11.839,14.113,15.76,62.53,11148638,707164,True,2,4,179198.65,10.384,,,15.737,9067317,50.58,2,62.54,0,False,OK
K_B4_f0_c1_r1,4,8,-1,4000,60,10,2,true,false,3200,dummy,4,4,4,1000,1000,1000000,0.9,0.1,0,0,0,0,1,0,0,0,393989.3,81.067,77.072,82.178,119.26,62.65,24681942,2754231,True,8,4,390184.93,81.884,,,309.779,19789178,50.56,8,62.83,0,False,OK
K_B1_f3_c2_r1,4,2,-1,1000,60,10,2,true,false,200,dummy,4,4,4,1000,1000,1000000,0.9,0.1,0,0,0,0,0,0,0,2,163225.62,12.246,12.68,15.664,17.248,62.62,10221000,735997,True,2,4,164290.64,12.169,,,16.245,8327672,50.67,2,62.64,0,False,OK
K_B2_f0_c6_r1,4,4,-1,1000,60,10,2,true,false,800,dummy,4,4,4,1000,1000,1000000,0.9,0.1,0,0,0,0,6,0,0,0,311264.71,12.861,13.282,15.087,16.881,62.44,19433832,1416536,True,4,4,312869.55,12.78,,,16.188,15829423,50.52,4,62.58,0,False,OK
K_B4_f3_c2_r1,4,8,-1,4000,60,10,2,true,false,3200,dummy,4,4,4,1000,1000,1000000,0.9,0.1,0,0,0,0,0,0,0,2,452833.75,70.618,66.666,72.712,84.728,62.64,28367136,2745523,True,8,4,449702.29,71.12,,,287.317,22811334,50.57,8,62.83,0,False,OK
K_B1_lead_c1_r1,4,2,-1,1000,60,10,2,true,false,200,dummy,4,4,4,1000,1000,1000000,0.9,0.1,0,0,0,0,0,1,0,0,123848.44,16.139,15.979,16.719,17.835,62.49,7739600,744835,True,2,4,123782.08,16.152,,,18.547,6256320,50.52,2,62.51,0,False,OK
K_B1_f0_c8_r1,4,2,-1,1000,60,10,2,true,false,200,dummy,4,4,4,1000,1000,1000000,0.9,0.1,0,0,0,0,8,0,0,0,166157.73,12.03,11.814,12.698,13.83,62.5,10384997,731220,True,2,4,165901.17,12.05,,,13.901,8390617,50.55,2,62.52,0,False,OK
K_B2_lead_f0_f3_c4_r1,4,4,-1,1000,60,10,2,true,false,800,dummy,4,4,4,1000,1000,1000000,0.9,0.1,0,0,0,0,4,4,0,4,304566.52,13.144,11.826,14.89,18.495,62.42,19011487,1434001,True,4,4,302382.56,13.224,,,18.086,15290734,50.5,4,62.57,0,False,OK
K_B3_f0_c3_r1,4,8,-1,1000,60,10,2,true,false,1600,dummy,4,4,4,1000,1000,1000000,0.9,0.1,0,0,0,0,3,0,0,0,419601.24,19.096,17.999,21.677,27.25,62.68,26300800,2757836,True,8,4,416281.89,19.213,,,28.116,21171704,50.7,8,62.97,0,False,OK
K_B3_ctl_c0_r1,4,8,-1,1000,60,10,2,true,false,1600,dummy,4,4,4,1000,1000,1000000,0.9,0.1,0,0,0,0,0,0,0,0,454930.25,17.613,16.969,21.538,25.118,62.75,28548729,2744982,True,8,4,452798.74,17.663,,,25.906,23063771,50.78,8,63.04,0,False,OK
K_B2_f3_c3_r1,4,4,-1,1000,60,10,2,true,false,800,dummy,4,4,4,1000,1000,1000000,0.9,0.1,0,0,0,0,0,0,0,3,306191.28,13.074,12.74,14.243,15.687,62.46,19123933,1433667,True,4,4,305692.4,13.08,,,15.974,15470268,50.54,4,62.61,0,False,OK
K_B1_lead_f3_c4_r1,4,2,-1,1000,60,10,2,true,false,200,dummy,4,4,4,1000,1000,1000000,0.9,0.1,0,0,0,0,0,4,0,4,169900.76,11.765,11.745,13.645,15.284,62.48,10615200,720467,True,2,4,170016.93,11.759,,,14.853,8594432,50.52,2,62.49,0,False,OK
K_B3_f3_c1_r1,4,8,-1,1000,60,10,2,true,false,1600,dummy,4,4,4,1000,1000,1000000,0.9,0.1,0,0,0,0,0,0,0,1,445130.67,17.984,16.595,19.751,23.085,62.58,27854134,2720846,True,8,4,442884.15,18.041,,,22.669,22478862,50.6,8,62.86,0,False,OK
K_B4_f0_c6_r1,4,8,-1,4000,60,10,2,true,false,3200,dummy,4,4,4,1000,1000,1000000,0.9,0.1,0,0,0,0,6,0,0,0,465790.3,68.675,62.964,72.928,85.434,62.71,29209560,2728364,True,8,4,460427.44,69.49,,,163.252,23388744,50.64,8,62.9,0,False,OK
K_B1_lead_f0_f3_c8_r1,4,2,-1,1000,60,10,2,true,false,200,dummy,4,4,4,1000,1000,1000000,0.9,0.1,0,0,0,0,8,8,0,8,170341.87,11.733,12.23,16.516,18.116,62.52,10650283,725029,True,2,4,171741.01,11.64,,,15.73,8688132,50.56,2,62.54,0,False,OK
K_B3_lead_c6_r1,4,8,-1,1000,60,10,2,true,false,1600,dummy,4,4,4,1000,1000,1000000,0.9,0.1,0,0,0,0,0,6,0,0,425251.81,18.842,17.989,21.559,30.589,62.62,26628797,2719401,True,8,4,423830.98,18.87,,,28.032,21529476,50.63,8,62.91,0,False,OK
K_B2_f0_c4_r1,4,4,-1,1000,60,10,2,true,false,800,dummy,4,4,4,1000,1000,1000000,0.9,0.1,0,0,0,0,4,0,0,0,311375.75,12.856,12.572,14.671,17.008,62.46,19449046,1435046,True,4,4,310539.69,12.876,,,15.573,15716748,50.54,4,62.61,0,False,OK
K_B2_f3_c8_r1,4,4,-1,1000,60,10,2,true,false,800,dummy,4,4,4,1000,1000,1000000,0.9,0.1,0,0,0,0,0,0,0,8,307614.53,13.013,12.628,13.941,15.761,62.51,19229375,1438218,True,4,4,306194.57,13.059,,,17.396,15511613,50.59,4,62.66,0,False,OK
K_B2_lead_c2_r1,4,4,-1,1000,60,10,2,true,false,800,dummy,4,4,4,1000,1000,1000000,0.9,0.1,0,0,0,0,0,2,0,0,282968.09,14.147,14.269,16.555,18.342,62.43,17666885,1441163,True,4,4,283629.12,14.093,,,17.19,14344906,50.5,4,62.58,0,False,OK
K_B1_lead_f3_c6_r1,4,2,-1,1000,60,10,2,true,false,200,dummy,4,4,4,1000,1000,1000000,0.9,0.1,0,0,0,0,0,6,0,6,163820.09,12.201,12.328,14.53,15.972,62.66,10265385,734692,True,2,4,163860.61,12.201,,,15.946,8312114,50.71,2,62.68,0,False,OK
K_B1_lead_f3_c8_r1,4,2,-1,1000,60,10,2,true,false,200,dummy,4,4,4,1000,1000,1000000,0.9,0.1,0,0,0,0,0,8,0,8,167360.59,11.943,12.029,15.36,17.215,62.65,10485716,722863,True,2,4,167304.16,11.949,,,15.867,8486272,50.7,2,62.67,0,False,OK
K_B2_lead_c1_r1,4,4,-1,1000,60,10,2,true,false,800,dummy,4,4,4,1000,1000,1000000,0.9,0.1,0,0,0,0,0,1,0,0,186991.12,21.41,20.995,23.815,25.454,62.55,11696955,1480147,True,4,4,186540.07,21.439,,,25.898,9452643,50.61,4,62.7,0,False,OK
K_B2_f3_c6_r1,4,4,-1,1000,60,10,2,true,false,800,dummy,4,4,4,1000,1000,1000000,0.9,0.1,0,0,0,0,0,0,0,6,309908.02,12.917,12.729,16.203,18.813,62.46,19357985,1440067,True,4,4,308601.1,12.957,,,16.387,15618995,50.55,4,62.61,0,False,OK
K_B4_lead_c6_r1,4,8,-1,4000,60,10,2,true,false,3200,dummy,4,4,4,1000,1000,1000000,0.9,0.1,0,0,0,0,0,6,0,0,422377.67,75.713,70.52,79.43,90.377,62.62,26451200,2784431,True,8,4,418313.83,76.49,,,101.919,21204810,50.54,8,62.8,0,False,OK
K_B4_lead_f0_f3_c2_r1,4,8,-1,4000,60,10,2,true,false,3200,dummy,4,4,4,1000,1000,1000000,0.9,0.1,0,0,0,0,2,2,0,2,316486.85,101.043,96.385,109.314,113.738,62.6,19811200,2783238,True,8,4,314407.13,101.756,,,274.731,15928380,50.5,8,62.78,0,False,OK
K_B3_lead_f0_c1_r1,4,8,-1,1000,60,10,2,true,false,1600,dummy,4,4,4,1000,1000,1000000,0.9,0.1,0,0,0,0,1,1,0,0,199805.06,40.102,39.648,45.482,49.137,62.49,12485522,2853727,True,8,4,199506.82,40.095,,,48.947,10103218,50.48,8,62.78,0,False,OK
K_B1_lead_c6_r1,4,2,-1,1000,60,10,2,true,false,200,dummy,4,4,4,1000,1000,1000000,0.9,0.1,0,0,0,0,0,6,0,0,165811.08,12.055,11.784,13.808,15.27,62.61,10381606,732940,True,2,4,165044.93,12.113,,,15.625,8364042,50.66,2,62.63,0,False,OK
K_B1_lead_f3_c1_r1,4,2,-1,1000,60,10,2,true,false,200,dummy,4,4,4,1000,1000,1000000,0.9,0.1,0,0,0,0,0,1,0,1,125754.56,15.895,16.102,17.817,19.026,62.44,7851932,751370,True,2,4,125939.51,15.876,,,18.959,6358019,50.46,2,62.45,0,False,OK
K_B1_lead_f0_c2_r1,4,2,-1,1000,60,10,2,true,false,200,dummy,4,4,4,1000,1000,1000000,0.9,0.1,0,0,0,0,2,2,0,0,159387.18,12.541,12.44,13.392,14.09,62.45,9953926,720585,True,2,4,159268.8,12.553,,,15.586,8046334,50.5,2,62.47,0,False,OK
K_B2_f3_c4_r1,4,4,-1,1000,60,10,2,true,false,800,dummy,4,4,4,1000,1000,1000000,0.9,0.1,0,0,0,0,0,0,0,4,308799.46,12.963,12.684,15.516,17.993,62.42,19274348,1433384,True,4,4,308110.48,12.977,,,16.475,15579620,50.49,4,62.57,0,False,OK
K_B3_lead_f0_f3_c8_r1,4,8,-1,1000,60,10,2,true,false,1600,dummy,4,4,4,1000,1000,1000000,0.9,0.1,0,0,0,0,8,8,0,8,446806.59,17.934,15.72,20.275,24.032,62.68,28008017,2752695,True,8,4,443045.49,18.051,,,26.208,22537165,50.71,8,62.97,0,False,OK
K_B4_lead_c4_r1,4,8,-1,4000,60,10,2,true,false,3200,dummy,4,4,4,1000,1000,1000000,0.9,0.1,0,0,0,0,0,4,0,0,410307.25,77.95,75.605,84.778,94.695,62.63,25699578,2760410,True,8,4,408594.31,78.315,,,92.32,20719183,50.55,8,62.82,0,False,OK
K_B4_lead_f3_c4_r1,4,8,-1,4000,60,10,2,true,false,3200,dummy,4,4,4,1000,1000,1000000,0.9,0.1,0,0,0,0,0,4,0,4,389843.91,82.028,79.83,91.672,98.188,62.88,24512504,2792471,True,8,4,389440.34,82.162,,,99.08,19839201,50.78,8,63.06,0,False,OK
K_B1_lead_f0_f3_c3_r1,4,2,-1,1000,60,10,2,true,false,200,dummy,4,4,4,1000,1000,1000000,0.9,0.1,0,0,0,0,3,3,0,3,170955.15,11.692,11.493,13.16,14.451,62.51,10686402,715474,True,2,4,170669.6,11.714,,,15.111,8632146,50.56,2,62.53,0,False,OK
K_B1_f3_c4_r1,4,2,-1,1000,60,10,2,true,false,200,dummy,4,4,4,1000,1000,1000000,0.9,0.1,0,0,0,0,0,0,0,4,157530.92,12.689,13.056,18.134,20.346,62.56,9855400,732450,True,2,4,156746.8,12.756,,,18.644,7935079,50.6,2,62.58,0,False,OK
K_B1_f0_c6_r1,4,2,-1,1000,60,10,2,true,false,200,dummy,4,4,4,1000,1000,1000000,0.9,0.1,0,0,0,0,6,0,0,0,178742.85,11.183,11.657,13.717,14.719,62.54,11178811,719249,True,2,4,179720.0,11.124,,,14.554,9098112,50.6,2,62.56,0,False,OK
K_B2_ctl_c0_r1,4,4,-1,1000,60,10,2,true,false,800,dummy,4,4,4,1000,1000,1000000,0.9,0.1,0,0,0,0,0,0,0,0,293665.49,13.632,13.133,15.119,16.483,62.42,18331680,1447748,True,4,4,292499.93,13.671,,,18.68,14792211,50.51,4,62.57,0,False,OK
K_B4_lead_f3_c1_r1,4,8,-1,4000,60,10,2,true,false,3200,dummy,4,4,4,1000,1000,1000000,0.9,0.1,0,0,0,0,0,1,0,1,196669.51,162.541,159.18,173.973,186.939,62.55,12300800,2836653,True,8,4,195775.1,163.448,,,264.093,9905463,50.44,8,62.73,0,False,OK
K_B2_lead_f0_c3_r1,4,4,-1,1000,60,10,2,true,false,800,dummy,4,4,4,1000,1000,1000000,0.9,0.1,0,0,0,0,3,3,0,0,299590.97,13.362,12.743,14.653,16.62,62.53,18734359,1448381,True,4,4,299063.44,13.371,,,17.661,15156348,50.61,4,62.68,0,False,OK
K_B4_lead_f3_c6_r1,4,8,-1,4000,60,10,2,true,false,3200,dummy,4,4,4,1000,1000,1000000,0.9,0.1,0,0,0,0,0,6,0,6,423582.17,75.509,71.656,81.49,94.861,62.84,26617600,2771331,True,8,4,420768.42,76.044,,,96.676,21423017,50.75,8,63.02,0,False,OK
K_B4_lead_f0_f3_c3_r1,4,8,-1,4000,60,10,2,true,false,3200,dummy,4,4,4,1000,1000,1000000,0.9,0.1,0,0,0,0,3,3,0,3,370672.59,86.279,82.914,90.974,95.023,62.65,23222400,2781045,True,8,4,367647.53,87.028,,,97.465,18646003,50.55,8,62.83,0,False,OK
K_B1_lead_f0_f3_c2_r1,4,2,-1,1000,60,10,2,true,false,200,dummy,4,4,4,1000,1000,1000000,0.9,0.1,0,0,0,0,2,2,0,2,110474.01,18.094,17.719,20.033,21.048,62.48,6902600,741815,True,2,4,110281.43,18.13,,,22.232,5571657,50.5,2,62.5,0,False,OK
K_B1_f0_c2_r1,4,2,-1,1000,60,10,2,true,false,200,dummy,4,4,4,1000,1000,1000000,0.9,0.1,0,0,0,0,2,0,0,0,177256.5,11.276,11.232,13.145,14.546,62.63,11100754,724310,True,2,4,176914.37,11.301,,,14.95,8968677,50.68,2,62.64,0,False,OK
K_B1_lead_f0_f3_c1_r1,4,2,-1,1000,60,10,2,true,false,200,dummy,4,4,4,1000,1000,1000000,0.9,0.1,0,0,0,0,1,1,0,1,127627.35,15.661,15.377,17.951,19.756,62.46,7971868,745829,True,2,4,127220.32,15.716,,,19.343,6425935,50.48,2,62.48,0,False,OK
K_B3_lead_f3_c6_r1,4,8,-1,1000,60,10,2,true,false,1600,dummy,4,4,4,1000,1000,1000000,0.9,0.1,0,0,0,0,0,6,0,6,415829.46,19.268,18.73,22.419,25.354,62.48,25980707,2765246,True,8,4,415197.14,19.263,,,26.5,21030051,50.49,8,62.76,0,False,OK
K_B1_lead_f3_c3_r1,4,2,-1,1000,60,10,2,true,false,200,dummy,4,4,4,1000,1000,1000000,0.9,0.1,0,0,0,0,0,3,0,3,155832.38,12.826,12.595,13.804,14.782,62.37,9719694,726568,True,2,4,155538.82,12.854,,,15.731,7845326,50.42,2,62.39,0,False,OK
K_B4_f0_c4_r1,4,8,-1,4000,60,10,2,true,false,3200,dummy,4,4,4,1000,1000,1000000,0.9,0.1,0,0,0,0,4,0,0,0,429496.96,64.666,55.649,128.68,184.547,0.4,172495,172495,False,8,4,0.0,0.0,,,0.0,0,50.4,8,0.58,49,True,OK
K_B1_lead_c4_r1,4,2,-1,1000,60,10,2,true,false,200,dummy,4,4,4,1000,1000,1000000,0.9,0.1,0,0,0,0,0,4,0,0,171065.1,11.684,11.388,13.774,15.363,62.51,10693600,730890,True,2,4,170147.27,11.75,,,15.744,8606224,50.55,2,62.53,0,False,OK
K_B1_f0_c2_r2,4,2,-1,1000,60,10,2,true,false,200,dummy,4,4,4,1000,1000,1000000,0.9,0.1,0,0,0,0,2,0,0,0,174567.61,11.45,11.551,13.416,15.222,62.55,10919814,724414,True,2,4,174838.67,11.435,,,15.32,8850602,50.6,2,62.57,0,False,OK
K_B3_lead_f3_c1_r2,4,8,-1,1000,60,10,2,true,false,1600,dummy,4,4,4,1000,1000,1000000,0.9,0.1,0,0,0,0,0,1,0,1,201417.73,39.618,38.948,44.843,48.349,62.52,12593276,2854575,True,8,4,200852.25,39.66,,,51.939,10178983,50.52,8,62.81,0,False,OK
K_B1_lead_f3_c2_r2,4,2,-1,1000,60,10,2,true,false,200,dummy,4,4,4,1000,1000,1000000,0.9,0.1,0,0,0,0,0,2,0,2,162880.06,12.271,11.952,12.81,13.815,62.56,10189058,735229,True,2,4,162384.17,12.312,,,13.838,8219944,50.6,2,62.57,0,False,OK
K_B2_f0_c6_r2,4,4,-1,1000,60,10,2,true,false,800,dummy,4,4,4,1000,1000,1000000,0.9,0.1,0,0,0,0,6,0,0,0,305304.38,13.112,12.888,14.551,16.721,62.53,19089922,1434833,True,4,4,304931.41,13.113,,,16.121,15452150,50.61,4,62.68,0,False,OK
K_B1_lead_c4_r2,4,2,-1,1000,60,10,2,true,false,200,dummy,4,4,4,1000,1000,1000000,0.9,0.1,0,0,0,0,0,4,0,0,160661.47,12.441,12.993,16.278,17.742,62.67,10069422,723367,True,2,4,162183.4,12.327,,,16.537,8229121,50.72,2,62.69,0,False,OK
K_B3_f0_c1_r2,4,8,-1,1000,60,10,2,true,false,1600,dummy,4,4,4,1000,1000,1000000,0.9,0.1,0,0,0,0,1,0,0,0,400071.87,20.012,16.246,19.698,59.37,62.59,25040719,2793302,True,8,4,393719.41,20.296,,,36.356,19986362,50.6,8,62.88,0,False,OK
K_B1_lead_c6_r2,4,2,-1,1000,60,10,2,true,false,200,dummy,4,4,4,1000,1000,1000000,0.9,0.1,0,0,0,0,0,6,0,0,153950.72,12.8,12.682,14.754,16.373,62.58,9634502,742541,True,2,4,152391.75,12.915,,,21.624,7717399,50.62,2,62.6,0,False,OK
K_B3_lead_c4_r2,4,8,-1,1000,60,10,2,true,false,1600,dummy,4,4,4,1000,1000,1000000,0.9,0.1,0,0,0,0,0,4,0,0,395148.53,20.278,19.469,22.862,24.92,62.46,24679559,2770549,True,8,4,393380.05,20.331,,,25.708,19916032,50.47,8,62.74,0,False,OK
K_B2_lead_c2_r2,4,4,-1,1000,60,10,2,true,false,800,dummy,4,4,4,1000,1000,1000000,0.9,0.1,0,0,0,0,0,2,0,0,275391.38,14.537,14.059,16.145,17.798,62.45,17197391,1447870,True,4,4,276096.53,14.483,,,17.808,13968158,50.53,4,62.6,0,False,OK
K_B2_lead_f3_c4_r2,4,4,-1,1000,60,10,2,true,false,800,dummy,4,4,4,1000,1000,1000000,0.9,0.1,0,0,0,0,0,4,0,4,307807.9,13.005,13.05,14.754,16.703,62.4,19207136,1440762,True,4,4,308173.12,12.975,,,16.474,15578149,50.48,4,62.55,0,False,OK
K_B4_lead_c1_r2,4,8,-1,4000,60,10,2,true,false,3200,dummy,4,4,4,1000,1000,1000000,0.9,0.1,0,0,0,0,0,1,0,0,196545.41,162.611,159.619,176.673,186.849,62.59,12302493,2855362,True,8,4,195862.64,163.369,,,215.689,9917976,50.46,8,62.78,0,False,OK
K_B1_f0_c3_r2,4,2,-1,1000,60,10,2,true,false,200,dummy,4,4,4,1000,1000,1000000,0.9,0.1,0,0,0,0,3,0,0,0,158674.42,12.597,12.226,14.378,15.626,62.57,9929019,734830,True,2,4,157464.13,12.697,,,19.324,7973513,50.62,2,62.59,0,False,OK
K_B1_lead_f0_c3_r2,4,2,-1,1000,60,10,2,true,false,200,dummy,4,4,4,1000,1000,1000000,0.9,0.1,0,0,0,0,3,3,0,0,169917.75,11.763,11.59,14.028,15.645,62.47,10614132,720380,True,2,4,169768.63,11.776,,,16.3,8578675,50.5,2,62.48,0,False,OK
K_B2_f3_c8_r2,4,4,-1,1000,60,10,2,true,false,800,dummy,4,4,4,1000,1000,1000000,0.9,0.1,0,0,0,0,0,0,0,8,312013.38,12.83,12.833,14.612,16.504,62.35,19454515,1434580,True,4,4,311927.28,12.819,,,16.001,15752398,50.43,4,62.5,0,False,OK
K_B4_f0_c2_r2,4,8,-1,4000,60,10,2,true,false,3200,dummy,4,4,4,1000,1000,1000000,0.9,0.1,0,0,0,0,2,0,0,0,398996.83,79.9,81.857,90.135,104.536,62.66,25001409,2750224,True,8,4,400389.13,79.577,,,245.08,20313805,50.57,8,62.85,0,False,OK
K_B1_lead_f3_c3_r2,4,2,-1,1000,60,10,2,true,false,200,dummy,4,4,4,1000,1000,1000000,0.9,0.1,0,0,0,0,0,3,0,3,174326.41,11.466,11.379,13.102,14.939,62.5,10895260,719698,True,2,4,173840.81,11.5,,,14.912,8791791,50.55,2,62.51,0,False,OK
K_B1_lead_f0_f3_c6_r2,4,2,-1,1000,60,10,2,true,false,200,dummy,4,4,4,1000,1000,1000000,0.9,0.1,0,0,0,0,6,6,0,6,170108.03,11.75,11.803,14.274,16.654,62.55,10640958,720814,True,2,4,169906.96,11.767,,,16.243,8601137,50.61,2,62.57,0,False,OK
K_B3_lead_f3_c2_r2,4,8,-1,1000,60,10,2,true,false,1600,dummy,4,4,4,1000,1000,1000000,0.9,0.1,0,0,0,0,0,2,0,2,304268.15,26.332,24.37,28.044,30.142,62.53,19026599,2818395,True,8,4,300803.38,26.581,,,39.946,15249297,50.53,8,62.82,0,False,OK
K_B1_f3_c8_r2,4,2,-1,1000,60,10,2,true,false,200,dummy,4,4,4,1000,1000,1000000,0.9,0.1,0,0,0,0,0,0,0,8,159921.8,12.499,13.203,17.227,19.112,62.51,9996932,724493,True,2,4,162175.54,12.328,,,17.438,8202632,50.55,2,62.53,0,False,OK
K_B1_f0_c8_r2,4,2,-1,1000,60,10,2,true,false,200,dummy,4,4,4,1000,1000,1000000,0.9,0.1,0,0,0,0,8,0,0,0,161211.99,12.239,12.873,17.18,19.063,62.54,10082263,727040,True,2,4,162719.76,12.127,,,16.685,8234881,50.59,2,62.56,0,False,OK
K_B4_lead_f0_f3_c1_r2,4,8,-1,4000,60,10,2,true,false,3200,dummy,4,4,4,1000,1000,1000000,0.9,0.1,0,0,0,0,1,1,0,1,194178.02,164.627,161.614,184.234,208.858,62.54,12144000,2807592,True,8,4,193492.02,165.397,,,289.338,9791906,50.46,8,62.73,0,False,OK
K_B3_lead_f3_c4_r2,4,8,-1,1000,60,10,2,true,false,1600,dummy,4,4,4,1000,1000,1000000,0.9,0.1,0,0,0,0,0,4,0,4,383230.85,20.907,20.492,23.529,25.925,62.75,24049600,2784569,True,8,4,382227.84,20.926,,,27.954,19464491,50.77,8,63.04,0,False,OK
K_B4_lead_f3_c6_r2,4,8,-1,4000,60,10,2,true,false,3200,dummy,4,4,4,1000,1000,1000000,0.9,0.1,0,0,0,0,0,6,0,6,443252.95,72.159,69.257,78.965,91.156,62.68,27785204,2736130,True,8,4,440875.42,72.577,,,97.18,22379922,50.59,8,62.87,0,False,OK
K_B3_f3_c3_r2,4,8,-1,1000,60,10,2,true,false,1600,dummy,4,4,4,1000,1000,1000000,0.9,0.1,0,0,0,0,0,0,0,3,413515.13,19.302,16.779,20.775,25.169,62.45,25824413,2748134,True,8,4,408093.11,19.498,,,71.879,20659452,50.46,8,62.73,0,False,OK
K_B2_lead_f3_c1_r2,4,4,-1,1000,60,10,2,true,false,800,dummy,4,4,4,1000,1000,1000000,0.9,0.1,0,0,0,0,0,1,0,1,172378.92,23.014,20.641,23.554,25.412,62.39,10755224,1483007,True,4,4,170183.77,23.254,,,99.022,8597070,50.44,4,62.54,0,False,OK
K_B4_lead_c6_r2,4,8,-1,4000,60,10,2,true,false,3200,dummy,4,4,4,1000,1000,1000000,0.9,0.1,0,0,0,0,0,6,0,0,418935.39,76.342,70.518,78.253,87.186,62.75,26289305,2752858,True,8,4,415051.3,77.092,,,88.363,21096850,50.68,8,62.94,0,False,OK
K_B4_lead_f3_c4_r2,4,8,-1,4000,60,10,2,true,false,3200,dummy,4,4,4,1000,1000,1000000,0.9,0.1,0,0,0,0,0,4,0,4,375674.71,85.124,84.464,107.622,120.621,62.7,23554636,2798256,True,8,4,376069.33,85.09,,,99.161,19090232,50.6,8,62.88,0,False,OK
K_B2_lead_f0_f3_c1_r2,4,4,-1,1000,60,10,2,true,false,800,dummy,4,4,4,1000,1000,1000000,0.9,0.1,0,0,0,0,1,1,0,1,156205.16,25.629,23.527,26.959,28.813,62.44,9753689,1487083,True,4,4,154114.85,25.95,,,116.579,7792086,50.48,4,62.59,0,False,OK
K_B1_f3_c3_r2,4,2,-1,1000,60,10,2,true,false,200,dummy,4,4,4,1000,1000,1000000,0.9,0.1,0,0,0,0,0,0,0,3,165476.26,12.079,11.802,14.065,15.745,62.53,10347612,732634,True,2,4,164319.8,12.167,,,16.823,8314886,50.58,2,62.55,0,False,OK
K_B2_lead_c1_r2,4,4,-1,1000,60,10,2,true,false,800,dummy,4,4,4,1000,1000,1000000,0.9,0.1,0,0,0,0,0,1,0,0,184071.8,21.75,21.264,24.092,26.088,62.45,11495183,1483551,True,4,4,183526.51,21.791,,,26.529,9280982,50.5,4,62.6,0,False,OK
K_B4_lead_f3_c8_r2,4,8,-1,4000,60,10,2,true,false,3200,dummy,4,4,4,1000,1000,1000000,0.9,0.1,0,0,0,0,0,8,0,8,471767.51,67.774,66.257,76.191,90.29,62.59,29526311,2734626,True,8,4,471923.29,67.758,,,175.187,23911984,50.5,8,62.76,0,False,OK
K_B3_f3_c8_r2,4,8,-1,1000,60,10,2,true,false,1600,dummy,4,4,4,1000,1000,1000000,0.9,0.1,0,0,0,0,0,0,0,8,442961.06,18.089,16.921,21.836,28.462,62.66,27756734,2736795,True,8,4,441994.23,18.095,,,29.448,22472025,50.68,8,62.95,0,False,OK
K_B2_lead_f0_f3_c3_r2,4,4,-1,1000,60,10,2,true,false,800,dummy,4,4,4,1000,1000,1000000,0.9,0.1,0,0,0,0,3,3,0,3,301602.15,13.273,12.795,13.907,14.924,62.32,18795806,1438440,True,4,4,299851.05,13.335,,,15.998,15131801,50.4,4,62.47,0,False,OK
K_B2_lead_f3_c2_r2,4,4,-1,1000,60,10,2,true,false,800,dummy,4,4,4,1000,1000,1000000,0.9,0.1,0,0,0,0,0,2,0,2,257373.24,15.555,14.353,16.323,17.62,62.42,16064000,1431821,True,4,4,255068.71,15.677,,,24.013,12896233,50.48,4,62.56,0,False,OK
K_B1_lead_c8_r2,4,2,-1,1000,60,10,2,true,false,200,dummy,4,4,4,1000,1000,1000000,0.9,0.1,0,0,0,0,0,8,0,0,161281.3,12.392,12.191,14.843,16.399,62.49,10078225,735161,True,2,4,160933.85,12.423,,,18.274,8134860,50.53,2,62.5,0,False,OK
K_B1_f0_c1_r2,4,2,-1,1000,60,10,2,true,false,200,dummy,4,4,4,1000,1000,1000000,0.9,0.1,0,0,0,0,1,0,0,0,162007.25,12.337,12.217,14.006,15.276,62.5,10125600,733835,True,2,4,162032.5,12.338,,,13.756,8193119,50.54,2,62.52,0,False,OK
K_B1_lead_f0_f3_c1_r2,4,2,-1,1000,60,10,2,true,false,200,dummy,4,4,4,1000,1000,1000000,0.9,0.1,0,0,0,0,1,1,0,1,132246.64,15.115,15.148,17.341,18.803,62.42,8255400,726619,True,2,4,132313.35,15.11,,,18.551,6678682,50.45,2,62.44,0,False,OK
K_B1_lead_c1_r2,4,2,-1,1000,60,10,2,true,false,200,dummy,4,4,4,1000,1000,1000000,0.9,0.1,0,0,0,0,0,1,0,0,122306.06,16.343,16.414,17.209,18.504,62.48,7641151,745489,True,2,4,122440.07,16.33,,,18.357,6186167,50.5,2,62.49,0,False,OK
K_B1_lead_f0_c6_r2,4,2,-1,1000,60,10,2,true,false,200,dummy,4,4,4,1000,1000,1000000,0.9,0.1,0,0,0,0,6,6,0,0,162821.92,12.276,12.999,16.812,18.954,62.45,10168218,732121,True,2,4,164632.41,12.144,,,17.401,8317163,50.5,2,62.47,0,False,OK
K_B4_lead_f0_c4_r2,4,8,-1,4000,60,10,2,true,false,3200,dummy,4,4,4,1000,1000,1000000,0.9,0.1,0,0,0,0,4,4,0,0,376253.97,85.001,80.988,90.761,95.703,62.63,23564374,2778763,True,8,4,373569.56,85.652,,,102.022,18939009,50.53,8,62.81,0,False,OK
K_B2_lead_c4_r2,4,4,-1,1000,60,10,2,true,false,800,dummy,4,4,4,1000,1000,1000000,0.9,0.1,0,0,0,0,0,4,0,0,304780.0,13.135,13.234,15.987,17.533,62.5,19048573,1438207,True,4,4,305623.75,13.084,,,17.251,15479868,50.58,4,62.65,0,False,OK
K_B2_lead_f0_f3_c4_r2,4,4,-1,1000,60,10,2,true,false,800,dummy,4,4,4,1000,1000,1000000,0.9,0.1,0,0,0,0,4,4,0,4,303511.8,13.189,13.373,16.051,18.334,62.46,18957591,1434332,True,4,4,303593.35,13.171,,,16.468,15363768,50.53,4,62.61,0,False,OK
K_B4_lead_f0_f3_c3_r2,4,8,-1,4000,60,10,2,true,false,3200,dummy,4,4,4,1000,1000,1000000,0.9,0.1,0,0,0,0,3,3,0,3,375242.63,85.227,86.116,93.462,97.239,62.73,23539200,2783285,True,8,4,375697.07,85.174,,,193.281,19083632,50.64,8,62.91,0,False,OK
K_B2_lead_f0_c3_r2,4,4,-1,1000,60,10,2,true,false,800,dummy,4,4,4,1000,1000,1000000,0.9,0.1,0,0,0,0,3,3,0,0,302123.97,13.25,12.921,15.947,18.537,62.37,18844701,1440895,True,4,4,301983.07,13.241,,,16.73,15255929,50.45,4,62.52,0,False,OK
K_B4_f3_c8_r2,4,8,-1,4000,60,10,2,true,false,3200,dummy,4,4,4,1000,1000,1000000,0.9,0.1,0,0,0,0,0,0,0,8,468501.38,68.183,61.991,73.025,105.443,62.57,29312995,2694068,True,8,4,462853.33,69.029,,,231.383,23443718,50.51,8,62.75,0,False,OK
K_B3_f0_c8_r2,4,8,-1,1000,60,10,2,true,false,1600,dummy,4,4,4,1000,1000,1000000,0.9,0.1,0,0,0,0,8,0,0,0,446823.61,17.932,16.652,21.392,25.3,62.58,27961547,2746331,True,8,4,443507.8,18.033,,,24.8,22510881,50.6,8,62.86,0,False,OK
K_B3_f0_c6_r2,4,8,-1,1000,60,10,2,true,false,1600,dummy,4,4,4,1000,1000,1000000,0.9,0.1,0,0,0,0,6,0,0,0,446509.34,17.945,16.564,18.735,22.831,62.56,27932918,2710634,True,8,4,441499.17,18.115,,,30.567,22400285,50.58,8,62.84,0,False,OK
K_B4_f0_c1_r2,4,8,-1,4000,60,10,2,true,false,3200,dummy,4,4,4,1000,1000,1000000,0.9,0.1,0,0,0,0,1,0,0,0,420027.84,74.715,78.31,84.349,99.556,62.66,26320383,2753495,True,8,4,422060.51,74.154,,,298.565,21414009,50.58,8,62.85,0,False,OK
K_B4_lead_c4_r2,4,8,-1,4000,60,10,2,true,false,3200,dummy,4,4,4,1000,1000,1000000,0.9,0.1,0,0,0,0,0,4,0,0,406038.4,78.768,78.063,87.644,95.964,62.79,25496894,2788487,True,8,4,405413.03,78.921,,,101.194,20621538,50.71,8,62.98,0,False,OK
K_B3_lead_f0_c2_r2,4,8,-1,1000,60,10,2,true,false,1600,dummy,4,4,4,1000,1000,1000000,0.9,0.1,0,0,0,0,2,2,0,0,317077.51,25.271,24.531,27.786,30.281,62.65,19864675,2823877,True,8,4,316043.11,25.307,,,30.295,16060801,50.66,8,62.93,0,False,OK
K_B3_lead_f0_f3_c1_r2,4,8,-1,1000,60,10,2,true,false,1600,dummy,4,4,4,1000,1000,1000000,0.9,0.1,0,0,0,0,1,1,0,1,188302.76,42.544,41.891,47.793,50.647,62.44,11756888,2825990,True,8,4,187794.21,42.597,,,55.351,9500121,50.43,8,62.72,0,False,OK
K_B3_lead_f0_f3_c3_r2,4,8,-1,1000,60,10,2,true,false,1600,dummy,4,4,4,1000,1000,1000000,0.9,0.1,0,0,0,0,3,3,0,3,352076.34,22.758,21.986,24.861,26.583,62.55,22022509,2802527,True,8,4,350525.19,22.818,,,26.979,17777644,50.56,8,62.83,0,False,OK
K_B3_lead_f0_f3_c8_r2,4,8,-1,1000,60,10,2,true,false,1600,dummy,4,4,4,1000,1000,1000000,0.9,0.1,0,0,0,0,8,8,0,8,446803.71,17.933,16.668,20.91,24.645,62.6,27969657,2752361,True,8,4,443181.73,18.047,,,32.917,22504197,50.62,8,62.88,0,False,OK
K_B4_f3_c6_r2,4,8,-1,4000,60,10,2,true,false,3200,dummy,4,4,4,1000,1000,1000000,0.9,0.1,0,0,0,0,0,0,0,6,447211.18,71.519,70.184,81.204,97.931,62.74,28056223,2736192,True,8,4,445897.36,71.757,,,106.202,22658393,50.65,8,62.92,0,False,OK
K_B1_f3_c2_r2,4,2,-1,1000,60,10,2,true,false,200,dummy,4,4,4,1000,1000,1000000,0.9,0.1,0,0,0,0,0,0,0,2,175314.58,11.401,11.396,13.656,15.662,62.52,10959800,724818,True,2,4,175347.37,11.402,,,15.868,8869790,50.57,2,62.53,0,False,OK
K_B4_lead_f0_f3_c6_r2,4,8,-1,4000,60,10,2,true,false,3200,dummy,4,4,4,1000,1000,1000000,0.9,0.1,0,0,0,0,6,6,0,6,431456.51,74.127,70.698,78.499,91.52,62.72,27062250,2764965,True,8,4,428897.62,74.601,,,88.673,21786457,50.63,8,62.9,0,False,OK
K_B1_ctl_c0_r2,4,2,-1,1000,60,10,2,true,false,200,dummy,4,4,4,1000,1000,1000000,0.9,0.1,0,0,0,0,0,0,0,0,171711.37,11.641,11.764,13.984,15.71,62.59,10747023,715442,True,2,4,172061.03,11.619,,,15.705,8715911,50.64,2,62.6,0,False,OK
K_B2_lead_f3_c3_r2,4,4,-1,1000,60,10,2,true,false,800,dummy,4,4,4,1000,1000,1000000,0.9,0.1,0,0,0,0,0,3,0,3,301237.17,13.289,12.731,15.207,18.644,62.5,18827931,1436340,True,4,4,300573.27,13.303,,,17.4,15224009,50.58,4,62.65,0,False,OK
K_B2_lead_f3_c8_r2,4,4,-1,1000,60,10,2,true,false,800,dummy,4,4,4,1000,1000,1000000,0.9,0.1,0,0,0,0,0,8,0,8,310827.67,12.879,12.59,14.503,17.292,62.47,19417104,1434651,True,4,4,310519.63,12.877,,,17.471,15718819,50.55,4,62.62,0,False,OK
K_B4_lead_c3_r2,4,8,-1,4000,60,10,2,true,false,3200,dummy,4,4,4,1000,1000,1000000,0.9,0.1,0,0,0,0,0,3,0,0,439256.87,72.82,69.085,78.992,95.385,62.63,27511855,2744616,True,8,4,436344.21,73.329,,,91.102,22128796,50.56,8,62.81,0,False,OK
K_B1_lead_f0_c8_r2,4,2,-1,1000,60,10,2,true,false,200,dummy,4,4,4,1000,1000,1000000,0.9,0.1,0,0,0,0,8,8,0,0,174255.5,11.469,11.362,13.859,15.387,62.53,10896294,716860,True,2,4,174415.56,11.462,,,15.419,8825917,50.58,2,62.55,0,False,OK
K_B1_f0_c4_r2,4,2,-1,1000,60,10,2,true,false,200,dummy,4,4,4,1000,1000,1000000,0.9,0.1,0,0,0,0,4,0,0,0,164093.85,12.181,12.357,14.677,16.094,62.65,10279800,732707,True,2,4,164280.17,12.17,,,15.491,8330813,50.68,2,62.66,0,False,OK
K_B3_lead_c1_r2,4,8,-1,1000,60,10,2,true,false,1600,dummy,4,4,4,1000,1000,1000000,0.9,0.1,0,0,0,0,0,1,0,0,195183.05,41.052,40.455,46.224,49.458,62.45,12188800,2843595,True,8,4,194711.35,41.081,,,51.273,9852823,50.45,8,62.73,0,False,OK
K_B2_lead_f0_f3_c2_r2,4,4,-1,1000,60,10,2,true,false,800,dummy,4,4,4,1000,1000,1000000,0.9,0.1,0,0,0,0,2,2,0,2,245770.17,16.288,15.238,17.698,19.387,62.42,15340087,1434893,True,4,4,244563.53,16.351,,,20.017,12365070,50.51,4,62.57,0,False,OK
K_B3_f0_c3_r2,4,8,-1,1000,60,10,2,true,false,1600,dummy,4,4,4,1000,1000,1000000,0.9,0.1,0,0,0,0,3,0,0,0,414248.72,19.343,18.445,22.767,25.684,62.47,25878071,2752345,True,8,4,412887.69,19.371,,,26.233,20910159,50.49,8,62.76,0,False,OK
K_B2_f3_c3_r2,4,4,-1,1000,60,10,2,true,false,800,dummy,4,4,4,1000,1000,1000000,0.9,0.1,0,0,0,0,0,0,0,3,315974.19,12.668,12.34,13.68,17.485,62.41,19720000,1438154,True,4,4,315916.29,12.657,,,18.401,15972472,50.49,4,62.56,0,False,OK
K_B1_lead_f0_c2_r2,4,2,-1,1000,60,10,2,true,false,200,dummy,4,4,4,1000,1000,1000000,0.9,0.1,0,0,0,0,2,2,0,0,152316.21,13.123,12.956,14.161,15.149,62.45,9512400,735631,True,2,4,152191.43,13.137,,,16.707,7688233,50.49,2,62.47,0,False,OK
K_B3_f3_c1_r2,4,8,-1,1000,60,10,2,true,false,1600,dummy,4,4,4,1000,1000,1000000,0.9,0.1,0,0,0,0,0,0,0,1,441123.27,18.164,16.401,19.36,30.484,62.52,27581176,2728516,True,8,4,438541.1,18.227,,,23.439,22237167,50.54,8,62.81,0,False,OK
K_B2_lead_f0_c6_r2,4,4,-1,1000,60,10,2,true,false,800,dummy,4,4,4,1000,1000,1000000,0.9,0.1,0,0,0,0,6,6,0,0,301585.64,13.274,12.954,14.776,17.249,62.44,18830400,1431640,True,4,4,300658.36,13.299,,,17.546,15210220,50.53,4,62.59,0,False,OK
K_B2_lead_f3_c6_r2,4,4,-1,1000,60,10,2,true,false,800,dummy,4,4,4,1000,1000,1000000,0.9,0.1,0,0,0,0,0,6,0,6,298554.58,13.408,13.379,15.965,17.649,62.51,18663068,1439587,True,4,4,300462.09,13.309,,,16.904,15220263,50.59,4,62.66,0,False,OK
K_B2_lead_f0_c1_r2,4,4,-1,1000,60,10,2,true,false,800,dummy,4,4,4,1000,1000,1000000,0.9,0.1,0,0,0,0,1,1,0,0,181187.6,22.096,21.7,24.706,26.732,62.38,11301600,1495414,True,4,4,180833.47,22.115,,,26.707,9132176,50.43,4,62.53,0,False,OK
K_B3_lead_f3_c6_r2,4,8,-1,1000,60,10,2,true,false,1600,dummy,4,4,4,1000,1000,1000000,0.9,0.1,0,0,0,0,0,6,0,6,417854.44,19.175,18.659,23.229,26.902,62.63,26169534,2762306,True,8,4,418017.27,19.133,,,26.89,21236454,50.64,8,62.91,0,False,OK
K_B1_f0_c6_r2,4,2,-1,1000,60,10,2,true,false,200,dummy,4,4,4,1000,1000,1000000,0.9,0.1,0,0,0,0,6,0,0,0,165998.56,12.041,12.618,16.024,17.514,62.49,10373909,717923,True,2,4,167785.4,11.915,,,17.695,8483420,50.54,2,62.51,0,False,OK
K_B3_lead_c2_r2,4,8,-1,1000,60,10,2,true,false,1600,dummy,4,4,4,1000,1000,1000000,0.9,0.1,0,0,0,0,0,2,0,0,319537.52,25.077,24.451,27.9,30.175,62.58,19995200,2817585,True,8,4,318750.92,25.093,,,30.731,16173435,50.58,8,62.86,0,False,OK
K_B1_f3_c6_r2,4,2,-1,1000,60,10,2,true,false,200,dummy,4,4,4,1000,1000,1000000,0.9,0.1,0,0,0,0,0,0,0,6,166262.79,12.022,12.117,14.517,16.207,62.6,10408300,727053,True,2,4,165441.5,12.085,,,17.432,8383144,50.65,2,62.62,0,False,OK
K_B4_lead_f0_f3_c4_r2,4,8,-1,4000,60,10,2,true,false,3200,dummy,4,4,4,1000,1000,1000000,0.9,0.1,0,0,0,0,4,4,0,4,380192.88,84.121,80.655,89.335,99.062,62.69,23833600,2797157,True,8,4,377470.14,84.76,,,99.512,19158790,50.6,8,62.87,0,False,OK
K_B2_lead_c8_r2,4,4,-1,1000,60,10,2,true,false,800,dummy,4,4,4,1000,1000,1000000,0.9,0.1,0,0,0,0,0,8,0,0,301269.24,13.288,13.361,15.555,17.205,62.44,18810771,1465054,True,4,4,302198.88,13.231,,,17.581,15287210,50.52,4,62.59,0,False,OK
K_B2_f0_c8_r2,4,4,-1,1000,60,10,2,true,false,800,dummy,4,4,4,1000,1000,1000000,0.9,0.1,0,0,0,0,8,0,0,0,303845.1,13.174,12.935,15.878,19.315,62.55,19006174,1434819,True,4,4,302504.06,13.219,,,17.971,15337459,50.63,4,62.7,0,False,OK
K_B2_lead_c3_r2,4,4,-1,1000,60,10,2,true,false,800,dummy,4,4,4,1000,1000,1000000,0.9,0.1,0,0,0,0,0,3,0,0,307431.0,13.021,12.626,14.144,16.029,62.39,19179941,1435252,True,4,4,305444.36,13.091,,,17.104,15435535,50.47,4,62.53,0,False,OK
K_B1_lead_f3_c4_r2,4,2,-1,1000,60,10,2,true,false,200,dummy,4,4,4,1000,1000,1000000,0.9,0.1,0,0,0,0,0,4,0,4,159016.83,12.57,12.752,15.615,17.379,62.68,9967015,742189,True,2,4,159567.9,12.529,,,17.226,8096546,50.72,2,62.7,0,False,OK
K_B1_lead_f3_c1_r2,4,2,-1,1000,60,10,2,true,false,200,dummy,4,4,4,1000,1000,1000000,0.9,0.1,0,0,0,0,0,1,0,1,126306.8,15.675,14.712,17.059,18.325,62.37,7878155,735716,True,2,4,125869.02,15.713,,,19.466,6346918,50.4,2,62.39,0,False,OK
K_B3_f3_c4_r2,4,8,-1,1000,60,10,2,true,false,1600,dummy,4,4,4,1000,1000,1000000,0.9,0.1,0,0,0,0,0,0,0,4,426599.41,18.77,17.797,23.299,28.714,62.55,26684511,2703699,True,8,4,425771.52,18.784,,,39.634,21602103,50.58,8,62.83,0,False,OK
K_B4_lead_f0_c1_r2,4,8,-1,4000,60,10,2,true,false,3200,dummy,4,4,4,1000,1000,1000000,0.9,0.1,0,0,0,0,1,1,0,0,195665.7,163.343,159.012,183.836,204.666,62.63,12254325,2865606,True,8,4,194642.19,164.374,,,234.395,9866910,50.53,8,62.78,0,False,OK
K_B2_lead_f0_c8_r2,4,4,-1,1000,60,10,2,true,false,800,dummy,4,4,4,1000,1000,1000000,0.9,0.1,0,0,0,0,8,8,0,0,299195.83,13.379,13.514,16.336,19.03,62.51,18704206,1436186,True,4,4,298684.28,13.388,,,18.143,15131204,50.6,4,62.66,0,False,OK
K_B4_f3_c4_r2,4,8,-1,4000,60,10,2,true,false,3200,dummy,4,4,4,1000,1000,1000000,0.9,0.1,0,0,0,0,0,0,0,4,456402.65,70.078,69.775,79.417,96.907,62.66,28600187,2680014,True,8,4,455211.7,70.278,,,201.317,23099675,50.58,8,62.85,0,False,OK
K_B2_f3_c6_r2,4,4,-1,1000,60,10,2,true,false,800,dummy,4,4,4,1000,1000,1000000,0.9,0.1,0,0,0,0,0,0,0,6,299271.82,13.376,13.436,15.377,16.943,62.51,18708563,1466576,True,4,4,299436.44,13.354,,,16.66,15169017,50.59,4,62.66,0,False,OK
K_B3_lead_f0_f3_c6_r2,4,8,-1,1000,60,10,2,true,false,1600,dummy,4,4,4,1000,1000,1000000,0.9,0.1,0,0,0,0,6,6,0,6,412731.72,19.414,18.539,22.088,26.627,62.56,25819099,2758563,True,8,4,410621.98,19.478,,,27.548,20832627,50.57,8,62.84,0,False,OK
K_B2_f0_c4_r2,4,4,-1,1000,60,10,2,true,false,800,dummy,4,4,4,1000,1000,1000000,0.9,0.1,0,0,0,0,4,0,0,0,312678.22,12.802,12.961,15.485,17.137,62.52,19549493,1439614,True,4,4,313459.21,12.755,,,15.121,15883627,50.61,4,62.67,0,False,OK
K_B2_f3_c1_r2,4,4,-1,1000,60,10,2,true,false,800,dummy,4,4,4,1000,1000,1000000,0.9,0.1,0,0,0,0,0,0,0,1,313377.61,12.774,12.666,15.791,19.148,62.44,19567183,1425345,True,4,4,310825.86,12.897,,,31.299,15725248,50.52,4,62.59,0,False,OK
K_B1_lead_f3_c8_r2,4,2,-1,1000,60,10,2,true,false,200,dummy,4,4,4,1000,1000,1000000,0.9,0.1,0,0,0,0,0,8,0,8,162870.99,12.272,13.099,19.166,21.863,62.67,10206400,731381,True,2,4,164644.67,12.143,,,15.993,8352181,50.71,2,62.68,0,False,OK
K_B2_lead_f0_f3_c8_r2,4,4,-1,1000,60,10,2,true,false,800,dummy,4,4,4,1000,1000,1000000,0.9,0.1,0,0,0,0,8,8,0,8,303824.28,13.175,13.145,15.841,17.636,62.4,18958400,1431440,True,4,4,304298.58,13.14,,,18.373,15381324,50.48,4,62.54,0,False,OK
K_B1_lead_f0_f3_c4_r2,4,2,-1,1000,60,10,2,true,false,200,dummy,4,4,4,1000,1000,1000000,0.9,0.1,0,0,0,0,4,4,0,4,174441.19,11.458,11.56,13.463,14.58,62.48,10898439,725290,True,2,4,174880.5,11.432,,,14.521,8840375,50.53,2,62.49,0,False,OK
K_B1_lead_f0_f3_c2_r2,4,2,-1,1000,60,10,2,true,false,200,dummy,4,4,4,1000,1000,1000000,0.9,0.1,0,0,0,0,2,2,0,2,157016.93,12.73,12.479,13.313,14.016,62.47,9808079,733968,True,2,4,156763.36,12.754,,,16.131,7921689,50.51,2,62.48,0,False,OK
K_B4_lead_f0_c3_r2,4,8,-1,4000,60,10,2,true,false,3200,dummy,4,4,4,1000,1000,1000000,0.9,0.1,0,0,0,0,3,3,0,0,408513.84,78.289,76.055,82.571,88.851,62.7,25615829,2764928,True,8,4,406680.84,78.679,,,87.972,20649356,50.61,8,62.88,0,False,OK
K_B2_lead_f0_c2_r2,4,4,-1,1000,60,10,2,true,false,800,dummy,4,4,4,1000,1000,1000000,0.9,0.1,0,0,0,0,2,2,0,0,272681.3,14.68,14.235,16.226,18.04,62.48,17036068,1450139,True,4,4,273239.76,14.635,,,17.594,13830137,50.55,4,62.62,0,False,OK
K_B3_lead_f0_c3_r2,4,8,-1,1000,60,10,2,true,false,1600,dummy,4,4,4,1000,1000,1000000,0.9,0.1,0,0,0,0,3,3,0,0,371801.82,21.551,20.458,23.238,25.481,62.64,23291200,2801016,True,8,4,369281.23,21.659,,,25.963,18764863,50.65,8,62.93,0,False,OK
K_B1_lead_c3_r2,4,2,-1,1000,60,10,2,true,false,200,dummy,4,4,4,1000,1000,1000000,0.9,0.1,0,0,0,0,0,3,0,0,162965.05,12.265,12.361,14.762,16.234,62.48,10181800,728613,True,2,4,162959.63,12.268,,,16.363,8236518,50.52,2,62.49,0,False,OK
K_B3_lead_f0_c6_r2,4,8,-1,1000,60,10,2,true,false,1600,dummy,4,4,4,1000,1000,1000000,0.9,0.1,0,0,0,0,6,6,0,0,422221.29,18.977,17.732,20.956,23.777,62.54,26406369,2742861,True,8,4,418988.05,19.089,,,25.075,21249794,50.56,8,62.82,0,False,OK
K_B4_lead_f0_c8_r2,4,8,-1,4000,60,10,2,true,false,3200,dummy,4,4,4,1000,1000,1000000,0.9,0.1,0,0,0,0,8,8,0,0,453216.98,70.57,64.14,71.907,85.444,62.66,28396800,2767181,True,8,4,447864.54,71.435,,,173.893,22722075,50.58,8,62.84,0,False,OK
K_B3_lead_f3_c8_r2,4,8,-1,1000,60,10,2,true,false,1600,dummy,4,4,4,1000,1000,1000000,0.9,0.1,0,0,0,0,0,8,0,8,442202.9,18.092,17.065,21.242,25.168,62.51,27640607,2729507,True,8,4,439116.79,18.18,,,35.306,22258286,50.53,8,62.78,0,False,OK
K_B4_lead_f0_f3_c8_r2,4,8,-1,4000,60,10,2,true,false,3200,dummy,4,4,4,1000,1000,1000000,0.9,0.1,0,0,0,0,8,8,0,8,461881.75,69.237,67.342,79.127,93.416,62.72,28968291,2733851,True,8,4,462068.72,69.244,,,94.37,23471378,50.63,8,62.89,0,False,OK
K_B3_lead_c8_r2,4,8,-1,1000,60,10,2,true,false,1600,dummy,4,4,4,1000,1000,1000000,0.9,0.1,0,0,0,0,0,8,0,0,431795.64,18.557,17.346,21.947,26.635,62.78,27110269,2770441,True,8,4,429030.4,18.642,,,28.275,21866766,50.81,8,63.07,0,False,OK
K_B2_lead_f0_f3_c6_r2,4,4,-1,1000,60,10,2,true,false,800,dummy,4,4,4,1000,1000,1000000,0.9,0.1,0,0,0,0,6,6,0,6,307857.3,13.003,13.14,15.965,17.871,62.45,19226400,1438527,True,4,4,308940.29,12.943,,,17.733,15632897,50.53,4,62.6,0,False,OK
K_B3_lead_f0_f3_c4_r2,4,8,-1,1000,60,10,2,true,false,1600,dummy,4,4,4,1000,1000,1000000,0.9,0.1,0,0,0,0,4,4,0,4,355076.09,22.567,21.896,25.941,28.898,62.72,22270400,2789856,True,8,4,353950.06,22.597,,,30.875,18011788,50.73,8,63.01,0,False,OK
K_B3_f3_c2_r2,4,8,-1,1000,60,10,2,true,false,1600,dummy,4,4,4,1000,1000,1000000,0.9,0.1,0,0,0,0,0,0,0,2,421182.05,19.003,16.526,18.763,24.399,62.52,26334198,2750441,True,8,4,413892.8,19.313,,,41.354,20986164,50.55,8,62.76,0,False,OK
K_B4_lead_c8_r2,4,8,-1,4000,60,10,2,true,false,3200,dummy,4,4,4,1000,1000,1000000,0.9,0.1,0,0,0,0,0,8,0,0,469436.8,64.019,59.384,98.714,193.31,0.57,266419,266419,False,8,4,0.0,0.0,,,0.0,0,50.33,8,0.76,49,True,OK
K_B4_ctl_c0_r2,4,8,-1,4000,60,10,2,true,false,3200,dummy,4,4,4,1000,1000,1000000,0.9,0.1,0,0,0,0,0,0,0,0,440538.25,72.602,72.006,89.028,115.333,62.72,27631041,2756398,True,8,4,440817.98,72.585,,,100.508,22393293,50.64,8,62.9,0,False,OK
K_B2_lead_c6_r2,4,4,-1,1000,60,10,2,true,false,800,dummy,4,4,4,1000,1000,1000000,0.9,0.1,0,0,0,0,0,6,0,0,308583.6,12.973,12.864,14.917,16.678,62.43,19265477,1443325,True,4,4,308721.23,12.952,,,18.025,15615671,50.51,4,62.58,0,False,OK
K_B4_f0_c3_r2,4,8,-1,4000,60,10,2,true,false,3200,dummy,4,4,4,1000,1000,1000000,0.9,0.1,0,0,0,0,3,0,0,0,425705.58,75.122,71.053,78.46,87.566,62.68,26685345,2752832,True,8,4,421572.33,75.892,,,91.0,21397966,50.58,8,62.87,0,False,OK
K_B4_lead_f3_c3_r2,4,8,-1,4000,60,10,2,true,false,3200,dummy,4,4,4,1000,1000,1000000,0.9,0.1,0,0,0,0,0,3,0,3,401895.65,79.581,96.528,109.373,115.315,62.62,25168342,2778472,True,8,4,409113.96,78.168,,,236.845,20741485,50.54,8,62.81,0,False,OK
K_B1_f3_c1_r2,4,2,-1,1000,60,10,2,true,false,200,dummy,4,4,4,1000,1000,1000000,0.9,0.1,0,0,0,0,0,0,0,1,178822.5,9.639,11.18,14.042,15.373,62.53,11182515,720937,True,2,4,177697.48,9.463,,,16.777,8992330,50.58,2,62.55,0,False,OK
K_B1_lead_f3_c6_r2,4,2,-1,1000,60,10,2,true,false,200,dummy,4,4,4,1000,1000,1000000,0.9,0.1,0,0,0,0,0,6,0,6,170273.31,11.738,12.259,14.213,15.462,62.46,10635800,725864,True,2,4,170733.5,11.71,,,15.59,8627171,50.51,2,62.48,0,False,OK
K_B2_f3_c2_r2,4,4,-1,1000,60,10,2,true,false,800,dummy,4,4,4,1000,1000,1000000,0.9,0.1,0,0,0,0,0,0,0,2,276261.04,14.49,12.52,14.847,16.842,62.17,17175162,1429473,True,4,4,266469.09,15.007,,,233.891,13468447,50.48,4,62.32,0,False,OK
K_B3_lead_f0_c8_r2,4,8,-1,1000,60,10,2,true,false,1600,dummy,4,4,4,1000,1000,1000000,0.9,0.1,0,0,0,0,8,8,0,0,454578.23,17.625,15.926,20.371,25.172,62.66,28484099,2756215,True,8,4,452651.74,17.669,,,27.574,23012667,50.67,8,62.95,0,False,OK
K_B1_f3_c4_r2,4,2,-1,1000,60,10,2,true,false,200,dummy,4,4,4,1000,1000,1000000,0.9,0.1,0,0,0,0,0,0,0,4,173412.83,11.526,11.344,13.23,15.233,62.5,10837600,711421,True,2,4,172894.13,11.563,,,19.034,8742389,50.54,2,62.51,0,False,OK
K_B3_f0_c2_r2,4,8,-1,1000,60,10,2,true,false,1600,dummy,4,4,4,1000,1000,1000000,0.9,0.1,0,0,0,0,2,0,0,0,387089.01,20.385,18.902,21.693,25.303,62.69,24265992,2783225,True,8,4,381768.72,20.583,,,43.299,19417712,50.7,8,62.97,0,False,OK
K_B3_lead_f0_f3_c2_r2,4,8,-1,1000,60,10,2,true,false,1600,dummy,4,4,4,1000,1000,1000000,0.9,0.1,0,0,0,0,2,2,0,2,299934.19,26.712,24.963,28.357,30.189,62.46,18735000,2784367,True,8,4,296244.68,26.999,,,40.445,14998254,50.46,8,62.75,0,False,OK
K_B1_lead_c2_r2,4,2,-1,1000,60,10,2,true,false,200,dummy,4,4,4,1000,1000,1000000,0.9,0.1,0,0,0,0,0,2,0,0,159355.84,12.543,12.268,13.524,15.539,62.46,9953254,726689,True,2,4,158780.25,12.591,,,16.903,8022007,50.5,2,62.47,0,False,OK
K_B1_lead_f0_c4_r2,4,2,-1,1000,60,10,2,true,false,200,dummy,4,4,4,1000,1000,1000000,0.9,0.1,0,0,0,0,4,4,0,0,167984.85,11.898,12.401,15.511,17.512,62.44,10488955,732367,True,2,4,168260.8,11.882,,,16.101,8498339,50.49,2,62.46,0,False,OK
K_B3_lead_f0_c1_r2,4,8,-1,1000,60,10,2,true,false,1600,dummy,4,4,4,1000,1000,1000000,0.9,0.1,0,0,0,0,1,1,0,0,197192.12,40.636,40.085,45.728,48.882,62.49,12321600,2820399,True,8,4,196706.69,40.664,,,49.703,9962061,50.48,8,62.77,0,False,OK
K_B3_ctl_c0_r2,4,8,-1,1000,60,10,2,true,false,1600,dummy,4,4,4,1000,1000,1000000,0.9,0.1,0,0,0,0,0,0,0,0,430938.96,18.593,18.419,25.351,30.777,62.65,26998988,2760142,True,8,4,432493.56,18.493,,,31.271,21982340,50.67,8,62.93,0,False,OK
K_B2_f0_c2_r2,4,4,-1,1000,60,10,2,true,false,800,dummy,4,4,4,1000,1000,1000000,0.9,0.1,0,0,0,0,2,0,0,0,319921.93,12.513,12.402,13.571,15.66,62.45,19978056,1433490,True,4,4,319683.33,12.508,,,15.829,16177303,50.54,4,62.6,0,False,OK
K_B4_f3_c3_r2,4,8,-1,4000,60,10,2,true,false,3200,dummy,4,4,4,1000,1000,1000000,0.9,0.1,0,0,0,0,0,0,0,3,459017.19,69.636,67.38,77.799,89.077,62.71,28784327,2736331,True,8,4,457268.6,69.953,,,304.512,23225047,50.63,8,62.89,0,False,OK
K_B2_ctl_c0_r2,4,4,-1,1000,60,10,2,true,false,800,dummy,4,4,4,1000,1000,1000000,0.9,0.1,0,0,0,0,0,0,0,0,308365.62,12.982,12.897,14.908,17.266,62.57,19294473,1443711,True,4,4,308602.63,12.957,,,17.843,15651897,50.65,4,62.72,0,False,OK
K_B4_f0_c4_r2,4,8,-1,4000,60,10,2,true,false,3200,dummy,4,4,4,1000,1000,1000000,0.9,0.1,0,0,0,0,4,0,0,0,444255.36,71.987,68.763,79.276,93.886,62.77,27884800,2747852,True,8,4,442299.59,72.342,,,97.408,22487404,50.69,8,62.95,0,False,OK
K_B1_lead_f0_c1_r2,4,2,-1,1000,60,10,2,true,false,200,dummy,4,4,4,1000,1000,1000000,0.9,0.1,0,0,0,0,1,1,0,0,130875.73,15.271,15.124,16.241,17.8,62.51,8181200,749635,True,2,4,130832.33,15.282,,,17.849,6614313,50.53,2,62.53,0,False,OK
K_B4_f3_c1_r2,4,8,-1,4000,60,10,2,true,false,3200,dummy,4,4,4,1000,1000,1000000,0.9,0.1,0,0,0,0,0,0,0,1,457747.84,69.868,64.164,70.555,84.771,62.63,28668393,2741453,True,8,4,453092.93,70.618,,,206.614,22976021,50.54,8,62.79,0,False,OK
K_B3_f3_c6_r2,4,8,-1,1000,60,10,2,true,false,1600,dummy,4,4,4,1000,1000,1000000,0.9,0.1,0,0,0,0,0,0,0,6,444686.09,18.019,17.404,21.58,24.845,62.73,27893754,2753981,True,8,4,444873.83,17.978,,,24.849,22647170,50.75,8,63.01,0,False,OK
K_B1_lead_f0_f3_c8_r2,4,2,-1,1000,60,10,2,true,false,200,dummy,4,4,4,1000,1000,1000000,0.9,0.1,0,0,0,0,8,8,0,8,168291.26,11.876,12.248,14.638,16.245,62.48,10514453,731838,True,2,4,168818.29,11.843,,,16.89,8532201,50.51,2,62.49,0,False,OK
K_B3_lead_f0_c4_r2,4,8,-1,1000,60,10,2,true,false,1600,dummy,4,4,4,1000,1000,1000000,0.9,0.1,0,0,0,0,4,4,0,0,367457.06,21.807,21.095,24.37,26.765,62.52,22972800,2794780,True,8,4,366094.78,21.848,,,27.672,18556275,50.53,8,62.8,0,False,OK
K_B1_lead_f0_f3_c3_r2,4,2,-1,1000,60,10,2,true,false,200,dummy,4,4,4,1000,1000,1000000,0.9,0.1,0,0,0,0,3,3,0,3,169482.95,11.793,11.718,13.398,14.866,62.53,10598461,718427,True,2,4,169450.68,11.798,,,15.12,8574653,50.58,2,62.55,0,False,OK
K_B3_f0_c4_r2,4,8,-1,1000,60,10,2,true,false,1600,dummy,4,4,4,1000,1000,1000000,0.9,0.1,0,0,0,0,4,0,0,0,344500.59,20.788,18.104,22.733,27.826,62.56,21550463,2787445,True,8,4,331146.59,21.16,,,27.432,16795996,50.56,8,62.84,0,False,OK
K_B4_f0_c6_r2,4,8,-1,4000,60,10,2,true,false,3200,dummy,4,4,4,1000,1000,1000000,0.9,0.1,0,0,0,0,6,0,0,0,467519.58,68.415,62.965,72.31,85.77,62.67,29297703,2737418,True,8,4,462049.24,69.256,,,169.141,23449701,50.59,8,62.85,0,False,OK
K_B3_lead_c3_r2,4,8,-1,1000,60,10,2,true,false,1600,dummy,4,4,4,1000,1000,1000000,0.9,0.1,0,0,0,0,0,3,0,0,387262.21,20.691,20.288,23.587,26.318,62.56,24228643,2785317,True,8,4,386891.24,20.673,,,25.925,19630386,50.59,8,62.85,0,False,OK
K_B4_f0_c8_r2,4,8,-1,4000,60,10,2,true,false,3200,dummy,4,4,4,1000,1000,1000000,0.9,0.1,0,0,0,0,8,0,0,0,476508.22,67.106,58.882,68.331,92.677,62.72,29885612,2731043,True,8,4,469130.14,68.215,,,171.331,23832969,50.65,8,62.9,0,False,OK
K_B4_lead_f0_f3_c2_r2,4,8,-1,4000,60,10,2,true,false,3200,dummy,4,4,4,1000,1000,1000000,0.9,0.1,0,0,0,0,2,2,0,2,312764.86,102.228,97.973,108.935,116.677,62.65,19593600,2826497,True,8,4,311077.64,102.832,,,299.392,15773988,50.54,8,62.83,0,False,OK
K_B4_lead_f3_c2_r2,4,8,-1,4000,60,10,2,true,false,3200,dummy,4,4,4,1000,1000,1000000,0.9,0.1,0,0,0,0,0,2,0,2,340398.72,93.929,90.544,100.283,113.404,62.66,21329446,2783449,True,8,4,338627.38,94.479,,,265.078,17175141,50.56,8,62.84,0,False,OK
K_B2_lead_f0_c4_r2,4,4,-1,1000,60,10,2,true,false,800,dummy,4,4,4,1000,1000,1000000,0.9,0.1,0,0,0,0,4,4,0,0,294809.46,13.579,13.517,15.502,17.038,62.49,18423200,1443852,True,4,4,295308.53,13.541,,,17.443,14953100,50.57,4,62.64,0,False,OK
K_B3_lead_f3_c3_r2,4,8,-1,1000,60,10,2,true,false,1600,dummy,4,4,4,1000,1000,1000000,0.9,0.1,0,0,0,0,0,3,0,3,374486.72,21.396,20.063,22.646,24.697,62.69,23476741,2776833,True,8,4,370853.29,21.564,,,33.186,18861701,50.7,8,62.97,0,False,OK
K_B4_f3_c2_r2,4,8,-1,4000,60,10,2,true,false,3200,dummy,4,4,4,1000,1000,1000000,0.9,0.1,0,0,0,0,0,0,0,2,446026.88,67.718,61.173,101.114,179.6,0.79,353830,353830,False,8,4,0.0,0.0,,,0.0,0,50.44,8,0.97,49,True,OK
K_B4_lead_f0_c2_r2,4,8,-1,4000,60,10,2,true,false,3200,dummy,4,4,4,1000,1000,1000000,0.9,0.1,0,0,0,0,2,2,0,0,333016.49,96.04,93.081,101.717,106.442,62.74,20892038,2811702,True,8,4,331679.72,96.472,,,109.729,16850620,50.65,8,62.93,0,False,OK
K_B4_lead_f0_c6_r2,4,8,-1,4000,60,10,2,true,false,3200,dummy,4,4,4,1000,1000,1000000,0.9,0.1,0,0,0,0,6,6,0,0,419494.88,76.243,73.966,86.007,100.388,62.6,26260292,2756291,True,8,4,418515.33,76.458,,,96.376,21208259,50.51,8,62.79,0,False,OK
K_B4_lead_c2_r2,4,8,-1,4000,60,10,2,true,false,3200,dummy,4,4,4,1000,1000,1000000,0.9,0.1,0,0,0,0,0,2,0,0,359587.07,88.924,85.799,96.938,115.479,62.63,22521537,2795179,True,8,4,357833.12,89.428,,,107.451,18139519,50.52,8,62.81,0,False,OK
K_B4_lead_f3_c1_r2,4,8,-1,4000,60,10,2,true,false,3200,dummy,4,4,4,1000,1000,1000000,0.9,0.1,0,0,0,0,0,1,0,1,196229.49,162.916,158.993,172.503,181.353,62.69,12300800,2836021,True,8,4,195210.62,163.885,,,255.738,9905065,50.58,8,62.87,0,False,OK
K_B2_f0_c3_r2,4,4,-1,1000,60,10,2,true,false,800,dummy,4,4,4,1000,1000,1000000,0.9,0.1,0,0,0,0,3,0,0,0,303843.0,13.175,12.891,15.747,17.399,62.48,18985286,1438615,True,4,4,303971.36,13.155,,,16.94,15390152,50.57,4,62.63,0,False,OK
K_B3_lead_c6_r2,4,8,-1,1000,60,10,2,true,false,1600,dummy,4,4,4,1000,1000,1000000,0.9,0.1,0,0,0,0,0,6,0,0,427677.96,18.735,18.132,20.695,24.47,62.61,26776349,2748458,True,8,4,426447.79,18.755,,,25.752,21657459,50.63,8,62.89,0,False,OK
K_B2_f0_c1_r2,4,4,-1,1000,60,10,2,true,false,800,dummy,4,4,4,1000,1000,1000000,0.9,0.1,0,0,0,0,1,0,0,0,292130.84,13.701,11.757,13.172,15.18,62.34,18211597,1450272,True,4,4,289306.88,13.818,,,36.962,14610149,50.43,4,62.49,0,False,OK
K_B2_f3_c4_r2,4,4,-1,1000,60,10,2,true,false,800,dummy,4,4,4,1000,1000,1000000,0.9,0.1,0,0,0,0,0,0,0,4,311424.67,12.854,13.049,15.011,16.387,62.4,19432509,1443432,True,4,4,311999.9,12.816,,,16.371,15771756,50.48,4,62.55,0,False,OK
K_B4_lead_f0_c8_r3,4,8,-1,4000,60,10,2,true,false,3200,dummy,4,4,4,1000,1000,1000000,0.9,0.1,0,0,0,0,8,8,0,0,453042.87,70.598,66.532,73.501,92.798,62.64,28380800,2742572,True,8,4,449351.71,71.207,,,91.747,22791434,50.56,8,62.82,0,False,OK
K_B3_f0_c4_r3,4,8,-1,1000,60,10,2,true,false,1600,dummy,4,4,4,1000,1000,1000000,0.9,0.1,0,0,0,0,4,0,0,0,418319.0,19.154,17.746,22.029,27.993,62.62,26197072,2769389,True,8,4,413970.6,19.32,,,30.792,21030153,50.64,8,62.91,0,False,OK
K_B2_lead_f3_c4_r3,4,4,-1,1000,60,10,2,true,false,800,dummy,4,4,4,1000,1000,1000000,0.9,0.1,0,0,0,0,0,4,0,4,307922.93,13.001,12.295,14.713,18.054,62.42,19221686,1429682,True,4,4,306317.08,13.054,,,17.198,15491714,50.51,4,62.57,0,False,OK
K_B4_f0_c1_r3,4,8,-1,4000,60,10,2,true,false,3200,dummy,4,4,4,1000,1000,1000000,0.9,0.1,0,0,0,0,1,0,0,0,401043.74,78.047,77.966,83.418,115.715,62.61,25111126,2772248,True,8,4,399733.5,78.071,,,300.504,20261519,50.53,8,62.8,0,False,OK
K_B1_f3_c4_r3,4,2,-1,1000,60,10,2,true,false,200,dummy,4,4,4,1000,1000,1000000,0.9,0.1,0,0,0,0,0,0,0,4,161909.68,12.345,13.071,15.963,17.297,62.52,10122293,738282,True,2,4,163252.97,12.247,,,16.06,8258141,50.56,2,62.53,0,False,OK
K_B4_lead_f3_c2_r3,4,8,-1,4000,60,10,2,true,false,3200,dummy,4,4,4,1000,1000,1000000,0.9,0.1,0,0,0,0,0,2,0,2,335713.21,95.279,92.138,109.486,129.084,62.65,21032112,2801819,True,8,4,334559.59,95.645,,,223.668,16969187,50.58,8,62.83,0,False,OK
K_B1_lead_c8_r3,4,2,-1,1000,60,10,2,true,false,200,dummy,4,4,4,1000,1000,1000000,0.9,0.1,0,0,0,0,0,8,0,0,170766.93,11.705,11.412,13.404,15.293,62.51,10673967,717345,True,2,4,169557.37,11.791,,,17.875,8574853,50.55,2,62.52,0,False,OK
K_B4_f0_c4_r3,4,8,-1,4000,60,10,2,true,false,3200,dummy,4,4,4,1000,1000,1000000,0.9,0.1,0,0,0,0,4,0,0,0,423829.02,75.463,73.833,80.857,92.321,62.59,26527287,2751970,True,8,4,423350.9,75.583,,,91.723,21449145,50.51,8,62.77,0,False,OK
K_B4_lead_f0_c3_r3,4,8,-1,4000,60,10,2,true,false,3200,dummy,4,4,4,1000,1000,1000000,0.9,0.1,0,0,0,0,3,3,0,0,404939.44,78.966,76.055,83.864,90.919,62.62,25356589,2792105,True,8,4,402765.1,79.447,,,89.772,20413868,50.49,8,62.8,0,False,OK
K_B3_lead_f0_c4_r3,4,8,-1,1000,60,10,2,true,false,1600,dummy,4,4,4,1000,1000,1000000,0.9,0.1,0,0,0,0,4,4,0,0,380438.16,21.061,20.404,24.049,26.676,62.5,23775889,2803537,True,8,4,379022.34,21.102,,,27.762,19202081,50.5,8,62.78,0,False,OK
K_B1_f3_c1_r3,4,2,-1,1000,60,10,2,true,false,200,dummy,4,4,4,1000,1000,1000000,0.9,0.1,0,0,0,0,0,0,0,1,183822.15,10.214,11.207,13.417,15.103,62.38,11466589,706732,True,2,4,183137.32,10.161,,,13.764,9279739,50.64,2,62.39,0,False,OK
K_B1_lead_f3_c6_r3,4,2,-1,1000,60,10,2,true,false,200,dummy,4,4,4,1000,1000,1000000,0.9,0.1,0,0,0,0,0,6,0,6,168618.53,11.854,11.789,13.966,15.448,62.61,10557108,731937,True,2,4,168361.65,11.875,,,15.56,8532197,50.66,2,62.63,0,False,OK
K_B4_lead_f0_c1_r3,4,8,-1,4000,60,10,2,true,false,3200,dummy,4,4,4,1000,1000,1000000,0.9,0.1,0,0,0,0,1,1,0,0,198076.42,161.396,157.916,178.424,205.835,62.67,12413908,2863060,True,8,4,197579.57,161.952,,,195.376,10024683,50.58,8,62.87,0,False,OK
K_B4_lead_f0_f3_c4_r3,4,8,-1,4000,60,10,2,true,false,3200,dummy,4,4,4,1000,1000,1000000,0.9,0.1,0,0,0,0,4,4,0,4,377170.18,84.786,83.664,92.908,98.547,62.77,23676170,2787361,True,8,4,376406.63,85.003,,,101.12,19133938,50.66,8,62.95,0,False,OK
K_B2_lead_f3_c1_r3,4,4,-1,1000,60,10,2,true,false,800,dummy,4,4,4,1000,1000,1000000,0.9,0.1,0,0,0,0,0,1,0,1,163178.67,24.535,22.593,26.412,28.974,62.38,10179312,1477072,True,4,4,161468.25,24.767,,,82.044,8154974,50.43,4,62.53,0,False,OK
K_B4_f0_c8_r3,4,8,-1,4000,60,10,2,true,false,3200,dummy,4,4,4,1000,1000,1000000,0.9,0.1,0,0,0,0,8,0,0,0,453108.61,70.594,65.086,75.809,92.175,62.74,28427615,2738111,True,8,4,447247.42,71.552,,,100.86,22729603,50.66,8,62.92,0,False,OK
K_B4_lead_f0_f3_c2_r3,4,8,-1,4000,60,10,2,true,false,3200,dummy,4,4,4,1000,1000,1000000,0.9,0.1,0,0,0,0,2,2,0,2,297849.57,107.353,103.327,116.459,121.146,62.65,18659200,2790259,True,8,4,295695.82,108.195,,,237.617,14996611,50.55,8,62.83,0,False,OK
K_B2_lead_f0_f3_c1_r3,4,4,-1,1000,60,10,2,true,false,800,dummy,4,4,4,1000,1000,1000000,0.9,0.1,0,0,0,0,1,1,0,1,161198.21,24.808,22.66,25.965,27.769,62.44,10065557,1487622,True,4,4,159096.22,25.112,,,92.667,8043881,50.49,4,62.59,0,False,OK
K_B1_lead_c6_r3,4,2,-1,1000,60,10,2,true,false,200,dummy,4,4,4,1000,1000,1000000,0.9,0.1,0,0,0,0,0,6,0,0,162052.11,12.334,12.593,15.453,17.32,62.49,10126739,728500,True,2,4,162727.07,12.286,,,16.934,8225968,50.53,2,62.51,0,False,OK
K_B2_f0_c4_r3,4,4,-1,1000,60,10,2,true,false,800,dummy,4,4,4,1000,1000,1000000,0.9,0.1,0,0,0,0,4,0,0,0,322125.44,12.427,12.455,14.476,17.249,62.36,20088800,1426736,True,4,4,323127.11,12.374,,,16.567,16323660,50.44,4,62.51,0,False,OK
K_B1_lead_f0_c1_r3,4,2,-1,1000,60,10,2,true,false,200,dummy,4,4,4,1000,1000,1000000,0.9,0.1,0,0,0,0,1,1,0,0,130259.63,15.345,15.144,16.489,17.821,62.38,8125800,735198,True,2,4,130040.4,15.375,,,17.596,6558130,50.41,2,62.4,0,False,OK
K_B1_f0_c3_r3,4,2,-1,1000,60,10,2,true,false,200,dummy,4,4,4,1000,1000,1000000,0.9,0.1,0,0,0,0,3,0,0,0,164075.37,12.182,12.318,14.477,16.096,62.58,10268564,733674,True,2,4,164294.49,12.169,,,15.702,8321238,50.62,2,62.6,0,False,OK
K_B3_f0_c8_r3,4,8,-1,1000,60,10,2,true,false,1600,dummy,4,4,4,1000,1000,1000000,0.9,0.1,0,0,0,0,8,0,0,0,458132.02,17.489,16.979,21.552,28.352,62.43,28602543,2751416,True,8,4,458595.45,17.44,,,26.319,23211407,50.46,8,62.71,0,False,OK
K_B2_f3_c1_r3,4,4,-1,1000,60,10,2,true,false,800,dummy,4,4,4,1000,1000,1000000,0.9,0.1,0,0,0,0,0,0,0,1,309401.93,12.938,11.744,13.566,14.798,62.35,19291253,1414876,True,4,4,309156.13,12.922,,,26.486,15617089,50.43,4,62.5,0,False,OK
K_B2_ctl_c0_r3,4,4,-1,1000,60,10,2,true,false,800,dummy,4,4,4,1000,1000,1000000,0.9,0.1,0,0,0,0,0,0,0,0,311601.14,12.846,12.411,15.229,17.574,62.39,19441600,1432602,True,4,4,311624.24,12.831,,,15.8,15749854,50.47,4,62.54,0,False,OK
K_B3_lead_f3_c2_r3,4,8,-1,1000,60,10,2,true,false,1600,dummy,4,4,4,1000,1000,1000000,0.9,0.1,0,0,0,0,0,2,0,2,310162.74,25.834,24.025,27.281,29.461,62.46,19373061,2815374,True,8,4,305932.09,26.145,,,49.495,15487886,50.46,8,62.74,0,False,OK
K_B3_f0_c2_r3,4,8,-1,1000,60,10,2,true,false,1600,dummy,4,4,4,1000,1000,1000000,0.9,0.1,0,0,0,0,2,0,0,0,388568.88,20.606,19.156,23.681,30.669,62.81,24406380,2772996,True,8,4,385780.54,20.716,,,28.313,19669962,50.82,8,63.1,0,False,OK
K_B3_lead_f0_f3_c8_r3,4,8,-1,1000,60,10,2,true,false,1600,dummy,4,4,4,1000,1000,1000000,0.9,0.1,0,0,0,0,8,8,0,8,412700.12,26.294,18.289,43.461,244.032,0.33,134305,134305,False,8,4,0.0,0.0,,,0.0,0,50.43,8,0.61,49,True,OK
K_B2_lead_f3_c8_r3,4,4,-1,1000,60,10,2,true,false,800,dummy,4,4,4,1000,1000,1000000,0.9,0.1,0,0,0,0,0,8,0,8,293069.33,13.66,13.489,15.686,17.321,62.46,18305927,1419218,True,4,4,291436.59,13.721,,,17.987,14749488,50.55,4,62.61,0,False,OK
K_B3_lead_f0_f3_c6_r3,4,8,-1,1000,60,10,2,true,false,1600,dummy,4,4,4,1000,1000,1000000,0.9,0.1,0,0,0,0,6,6,0,6,415541.81,19.283,18.423,22.733,27.713,62.61,26015629,2767421,True,8,4,414030.51,19.317,,,28.832,21025156,50.63,8,62.89,0,False,OK
K_B2_lead_f0_f3_c4_r3,4,4,-1,1000,60,10,2,true,false,800,dummy,4,4,4,1000,1000,1000000,0.9,0.1,0,0,0,0,4,4,0,4,287719.41,13.913,13.937,16.05,17.623,62.44,17965474,1455878,True,4,4,287809.86,13.893,,,18.017,14558992,50.52,4,62.59,0,False,OK
K_B3_f3_c2_r3,4,8,-1,1000,60,10,2,true,false,1600,dummy,4,4,4,1000,1000,1000000,0.9,0.1,0,0,0,0,0,0,0,2,432859.48,18.502,17.069,21.744,24.526,62.58,27088272,2725848,True,8,4,430909.87,18.541,,,28.732,21874010,50.6,8,62.86,0,False,OK
K_B2_lead_f3_c3_r3,4,4,-1,1000,60,10,2,true,false,800,dummy,4,4,4,1000,1000,1000000,0.9,0.1,0,0,0,0,0,3,0,3,301316.93,13.285,12.852,14.627,16.06,62.49,18830670,1439463,True,4,4,301084.97,13.281,,,15.992,15247752,50.58,4,62.64,0,False,OK
K_B3_f3_c4_r3,4,8,-1,1000,60,10,2,true,false,1600,dummy,4,4,4,1000,1000,1000000,0.9,0.1,0,0,0,0,0,0,0,4,418152.1,19.144,17.045,22.976,30.3,62.41,26095301,2754275,True,8,4,415484.46,19.252,,,48.388,21017666,50.44,8,62.69,0,False,OK
K_B3_lead_c8_r3,4,8,-1,1000,60,10,2,true,false,1600,dummy,4,4,4,1000,1000,1000000,0.9,0.1,0,0,0,0,0,8,0,0,448061.61,17.882,16.401,21.174,25.879,62.54,28020935,2752701,True,8,4,443580.41,18.031,,,24.74,22496587,50.56,8,62.82,0,False,OK
K_B2_lead_f0_c1_r3,4,4,-1,1000,60,10,2,true,false,800,dummy,4,4,4,1000,1000,1000000,0.9,0.1,0,0,0,0,1,1,0,0,179646.44,22.285,21.83,24.804,26.832,62.42,11213896,1493137,True,4,4,179171.3,22.32,,,27.071,9055535,50.48,4,62.57,0,False,OK
K_B4_lead_c3_r3,4,8,-1,4000,60,10,2,true,false,3200,dummy,4,4,4,1000,1000,1000000,0.9,0.1,0,0,0,0,0,3,0,0,398772.1,80.195,74.827,80.583,88.39,62.71,25008000,2777093,True,8,4,394479.37,81.105,,,92.07,20031487,50.62,8,62.89,0,False,OK
K_B4_lead_f3_c4_r3,4,8,-1,4000,60,10,2,true,false,3200,dummy,4,4,4,1000,1000,1000000,0.9,0.1,0,0,0,0,0,4,0,4,409449.93,78.096,73.29,88.335,99.468,62.56,25616614,2769489,True,8,4,406058.14,78.801,,,103.662,20559934,50.47,8,62.74,0,False,OK
K_B2_lead_f3_c6_r3,4,4,-1,1000,60,10,2,true,false,800,dummy,4,4,4,1000,1000,1000000,0.9,0.1,0,0,0,0,0,6,0,6,299141.55,13.382,12.998,14.715,16.274,62.41,18670053,1443660,True,4,4,297486.62,13.441,,,17.238,15041146,50.49,4,62.56,0,False,OK
K_B1_lead_f0_c6_r3,4,2,-1,1000,60,10,2,true,false,200,dummy,4,4,4,1000,1000,1000000,0.9,0.1,0,0,0,0,6,6,0,0,164943.23,12.118,11.96,14.169,15.584,62.7,10341717,735353,True,2,4,164535.76,12.151,,,16.019,8353352,50.75,2,62.72,0,False,OK
K_B2_lead_c8_r3,4,4,-1,1000,60,10,2,true,false,800,dummy,4,4,4,1000,1000,1000000,0.9,0.1,0,0,0,0,0,8,0,0,312685.12,12.803,12.338,13.991,15.906,62.43,19521600,1436210,True,4,4,311421.46,12.839,,,16.486,15752950,50.52,4,62.58,0,False,OK
K_B3_f0_c3_r3,4,8,-1,1000,60,10,2,true,false,1600,dummy,4,4,4,1000,1000,1000000,0.9,0.1,0,0,0,0,3,0,0,0,433242.9,18.494,17.392,20.638,23.888,62.56,27105195,2754859,True,8,4,430232.87,18.589,,,27.058,21830648,50.58,8,62.85,0,False,OK
K_B1_lead_c4_r3,4,2,-1,1000,60,10,2,true,false,200,dummy,4,4,4,1000,1000,1000000,0.9,0.1,0,0,0,0,0,4,0,0,168274.29,11.878,11.96,13.961,15.178,62.66,10543845,730758,True,2,4,168605.87,11.858,,,16.105,8552741,50.7,2,62.67,0,False,OK
K_B2_f0_c3_r3,4,4,-1,1000,60,10,2,true,false,800,dummy,4,4,4,1000,1000,1000000,0.9,0.1,0,0,0,0,3,0,0,0,305787.23,13.091,13.213,15.912,17.393,62.37,19072035,1441399,True,4,4,307331.97,13.011,,,18.622,15525910,50.45,4,62.52,0,False,OK
K_B4_f3_c2_r3,4,8,-1,4000,60,10,2,true,false,3200,dummy,4,4,4,1000,1000,1000000,0.9,0.1,0,0,0,0,0,0,0,2,430235.54,74.325,67.498,72.845,81.48,62.64,26949167,2740280,True,8,4,423307.76,75.588,,,254.559,21472931,50.57,8,62.78,0,False,OK
K_B3_f3_c3_r3,4,8,-1,1000,60,10,2,true,false,1600,dummy,4,4,4,1000,1000,1000000,0.9,0.1,0,0,0,0,0,0,0,3,412881.24,19.347,17.386,20.581,24.162,62.55,25826145,2713579,True,8,4,406622.76,19.601,,,57.518,20630408,50.57,8,62.83,0,False,OK
K_B2_f0_c8_r3,4,4,-1,1000,60,10,2,true,false,800,dummy,4,4,4,1000,1000,1000000,0.9,0.1,0,0,0,0,8,0,0,0,304018.32,13.167,12.932,14.848,16.673,62.43,18980000,1435397,True,4,4,305117.79,13.105,,,17.182,15432348,50.51,4,62.58,0,False,OK
K_B1_f0_c4_r3,4,2,-1,1000,60,10,2,true,false,200,dummy,4,4,4,1000,1000,1000000,0.9,0.1,0,0,0,0,4,0,0,0,165251.24,12.096,12.334,15.044,16.43,62.5,10329000,732869,True,2,4,165683.99,12.067,,,15.76,8378717,50.55,2,62.52,0,False,OK
K_B1_lead_f0_c3_r3,4,2,-1,1000,60,10,2,true,false,200,dummy,4,4,4,1000,1000,1000000,0.9,0.1,0,0,0,0,3,3,0,0,168600.39,11.855,11.4,13.235,14.901,62.64,10560400,705432,True,2,4,168217.83,11.885,,,15.528,8529078,50.68,2,62.65,0,False,OK
K_B3_lead_f0_c1_r3,4,8,-1,1000,60,10,2,true,false,1600,dummy,4,4,4,1000,1000,1000000,0.9,0.1,0,0,0,0,1,1,0,0,185968.49,43.088,42.286,50.389,56.11,62.51,11624000,2861459,True,8,4,185367.16,43.153,,,60.889,9389570,50.5,8,62.79,0,False,OK
K_B1_lead_f0_f3_c8_r3,4,2,-1,1000,60,10,2,true,false,200,dummy,4,4,4,1000,1000,1000000,0.9,0.1,0,0,0,0,8,8,0,8,165020.15,12.112,12.347,15.722,17.438,62.62,10333571,736004,True,2,4,165580.42,12.075,,,15.84,8392732,50.66,2,62.64,0,False,OK
K_B4_f3_c8_r3,4,8,-1,4000,60,10,2,true,false,3200,dummy,4,4,4,1000,1000,1000000,0.9,0.1,0,0,0,0,0,0,0,8,461032.4,69.373,67.482,77.704,98.107,62.68,28899044,2756824,True,8,4,459216.39,69.675,,,94.517,23309827,50.61,8,62.86,0,False,OK
K_B3_lead_f3_c4_r3,4,8,-1,1000,60,10,2,true,false,1600,dummy,4,4,4,1000,1000,1000000,0.9,0.1,0,0,0,0,0,4,0,4,379192.58,21.13,20.331,23.734,26.606,62.66,23758912,2790508,True,8,4,377207.61,21.203,,,28.427,19170763,50.67,8,62.94,0,False,OK
K_B3_lead_f0_c2_r3,4,8,-1,1000,60,10,2,true,false,1600,dummy,4,4,4,1000,1000,1000000,0.9,0.1,0,0,0,0,2,2,0,0,307142.81,26.087,25.741,29.435,31.858,62.53,19205360,2824485,True,8,4,306787.03,26.072,,,31.474,15551717,50.53,8,62.81,0,False,OK
K_B1_lead_c1_r3,4,2,-1,1000,60,10,2,true,false,200,dummy,4,4,4,1000,1000,1000000,0.9,0.1,0,0,0,0,0,1,0,0,131108.4,15.246,15.052,16.178,17.642,62.51,8196000,726708,True,2,4,130979.83,15.264,,,17.565,6623742,50.55,2,62.53,0,False,OK
K_B3_f3_c1_r3,4,8,-1,1000,60,10,2,true,false,1600,dummy,4,4,4,1000,1000,1000000,0.9,0.1,0,0,0,0,0,0,0,1,414937.56,18.815,17.55,19.991,24.53,62.46,25916147,2778024,True,8,4,412827.47,18.823,,,32.294,20904036,50.48,8,62.74,0,False,OK
K_B4_lead_f0_f3_c8_r3,4,8,-1,4000,60,10,2,true,false,3200,dummy,4,4,4,1000,1000,1000000,0.9,0.1,0,0,0,0,8,8,0,8,464050.32,68.935,62.634,73.254,86.582,62.73,29109127,2748299,True,8,4,456314.93,70.113,,,92.559,23187777,50.65,8,62.92,0,False,OK
K_B1_f0_c1_r3,4,2,-1,1000,60,10,2,true,false,200,dummy,4,4,4,1000,1000,1000000,0.9,0.1,0,0,0,0,1,0,0,0,165634.44,12.068,12.081,13.504,14.548,62.57,10364546,727896,True,2,4,165685.62,12.066,,,15.154,8390181,50.62,2,62.59,0,False,OK
K_B1_lead_f3_c4_r3,4,2,-1,1000,60,10,2,true,false,200,dummy,4,4,4,1000,1000,1000000,0.9,0.1,0,0,0,0,0,4,0,4,170777.82,11.704,11.561,13.807,15.59,62.5,10673000,730832,True,2,4,170827.3,11.703,,,15.256,8638297,50.54,2,62.51,0,False,OK
K_B2_lead_f0_f3_c8_r3,4,4,-1,1000,60,10,2,true,false,800,dummy,4,4,4,1000,1000,1000000,0.9,0.1,0,0,0,0,8,8,0,8,298768.93,13.399,14.074,16.084,18.164,62.44,18655999,1436985,True,4,4,300751.92,13.295,,,17.202,15214835,50.52,4,62.59,0,False,OK
K_B4_lead_c4_r3,4,8,-1,4000,60,10,2,true,false,3200,dummy,4,4,4,1000,1000,1000000,0.9,0.1,0,0,0,0,0,4,0,0,384776.15,83.116,81.967,90.361,95.235,62.92,24208970,2781435,True,8,4,383380.5,83.451,,,98.268,19546288,50.83,8,63.1,0,False,OK
K_B2_lead_c2_r3,4,4,-1,1000,60,10,2,true,false,800,dummy,4,4,4,1000,1000,1000000,0.9,0.1,0,0,0,0,0,2,0,0,278699.82,14.364,14.07,16.01,17.815,62.38,17384849,1443086,True,4,4,278632.03,14.351,,,17.366,14077782,50.46,4,62.53,0,False,OK
K_B3_f3_c6_r3,4,8,-1,1000,60,10,2,true,false,1600,dummy,4,4,4,1000,1000,1000000,0.9,0.1,0,0,0,0,0,0,0,6,443617.29,18.062,17.413,21.079,25.845,62.64,27789982,2750437,True,8,4,442813.76,18.061,,,27.988,22505328,50.66,8,62.93,0,False,OK
K_B4_f3_c1_r3,4,8,-1,4000,60,10,2,true,false,3200,dummy,4,4,4,1000,1000,1000000,0.9,0.1,0,0,0,0,0,0,0,1,442655.0,72.209,68.944,74.857,88.109,62.61,27714400,2761708,True,8,4,439517.61,72.792,,,105.409,22277142,50.54,8,62.79,0,False,OK
K_B1_f3_c8_r3,4,2,-1,1000,60,10,2,true,false,200,dummy,4,4,4,1000,1000,1000000,0.9,0.1,0,0,0,0,0,0,0,8,173168.91,11.541,11.149,13.876,15.406,62.52,10827145,715998,True,2,4,172629.08,11.581,,,15.211,8733020,50.56,2,62.54,0,False,OK
K_B1_f3_c6_r3,4,2,-1,1000,60,10,2,true,false,200,dummy,4,4,4,1000,1000,1000000,0.9,0.1,0,0,0,0,0,0,0,6,163302.79,12.24,12.598,15.096,16.614,62.6,10222710,719957,True,2,4,163856.86,12.202,,,16.106,8301949,50.64,2,62.62,0,False,OK
K_B1_lead_f0_c4_r3,4,2,-1,1000,60,10,2,true,false,200,dummy,4,4,4,1000,1000,1000000,0.9,0.1,0,0,0,0,4,4,0,0,160500.9,12.454,12.512,14.753,16.039,62.64,10053203,723099,True,2,4,160523.24,12.456,,,16.163,8138124,50.67,2,62.65,0,False,OK
K_B1_lead_f0_f3_c4_r3,4,2,-1,1000,60,10,2,true,false,200,dummy,4,4,4,1000,1000,1000000,0.9,0.1,0,0,0,0,4,4,0,4,168381.2,11.871,11.691,14.199,15.929,62.54,10530000,731220,True,2,4,168232.47,11.883,,,16.012,8513034,50.58,2,62.55,0,False,OK
K_B4_lead_c1_r3,4,8,-1,4000,60,10,2,true,false,3200,dummy,4,4,4,1000,1000,1000000,0.9,0.1,0,0,0,0,0,1,0,0,201890.62,158.386,154.941,166.427,175.523,62.5,12617600,2834485,True,8,4,200977.37,159.245,,,183.781,10165081,50.42,8,62.69,0,False,OK
K_B1_lead_f0_c2_r3,4,2,-1,1000,60,10,2,true,false,200,dummy,4,4,4,1000,1000,1000000,0.9,0.1,0,0,0,0,2,2,0,0,155645.13,12.842,12.738,14.408,15.989,62.64,9749217,733873,True,2,4,155532.44,12.854,,,15.309,7884962,50.67,2,62.65,0,False,OK
K_B1_f0_c6_r3,4,2,-1,1000,60,10,2,true,false,200,dummy,4,4,4,1000,1000,1000000,0.9,0.1,0,0,0,0,6,0,0,0,159054.63,12.567,11.99,14.534,16.364,62.52,9943887,732012,True,2,4,157336.48,12.706,,,19.537,7958715,50.55,2,62.53,0,False,OK
K_B3_lead_c4_r3,4,8,-1,1000,60,10,2,true,false,1600,dummy,4,4,4,1000,1000,1000000,0.9,0.1,0,0,0,0,0,4,0,0,392317.72,20.424,19.661,23.273,26.48,62.61,24564695,2784158,True,8,4,390412.66,20.487,,,27.9,19825811,50.62,8,62.9,0,False,OK
K_B3_lead_c6_r3,4,8,-1,1000,60,10,2,true,false,1600,dummy,4,4,4,1000,1000,1000000,0.9,0.1,0,0,0,0,0,6,0,0,422209.66,18.977,17.911,21.94,25.261,62.54,26403388,2761004,True,8,4,419270.23,19.076,,,26.442,21261442,50.56,8,62.82,0,False,OK
K_B2_lead_f0_c8_r3,4,4,-1,1000,60,10,2,true,false,800,dummy,4,4,4,1000,1000,1000000,0.9,0.1,0,0,0,0,8,8,0,0,318322.56,12.576,12.128,13.291,15.205,62.43,19872899,1432966,True,4,4,317352.29,12.599,,,16.247,16053098,50.51,4,62.58,0,False,OK
K_B1_lead_f0_f3_c3_r3,4,2,-1,1000,60,10,2,true,false,200,dummy,4,4,4,1000,1000,1000000,0.9,0.1,0,0,0,0,3,3,0,3,167898.64,11.904,11.909,13.881,15.232,62.58,10506444,727277,True,2,4,167845.78,11.912,,,15.057,8500162,50.62,2,62.59,0,False,OK
K_B3_lead_f3_c3_r3,4,8,-1,1000,60,10,2,true,false,1600,dummy,4,4,4,1000,1000,1000000,0.9,0.1,0,0,0,0,0,3,0,3,370833.75,21.606,20.487,23.093,24.941,62.45,23157548,2769157,True,8,4,368100.17,21.728,,,26.545,18630966,50.45,8,62.73,0,False,OK
K_B4_lead_f0_c2_r3,4,8,-1,4000,60,10,2,true,false,3200,dummy,4,4,4,1000,1000,1000000,0.9,0.1,0,0,0,0,2,2,0,0,335966.5,95.184,91.153,100.84,108.181,62.81,21100800,2804537,True,8,4,333513.58,95.941,,,114.103,16965523,50.71,8,62.99,0,False,OK
K_B3_lead_c3_r3,4,8,-1,1000,60,10,2,true,false,1600,dummy,4,4,4,1000,1000,1000000,0.9,0.1,0,0,0,0,0,3,0,0,398199.93,20.123,19.246,21.895,24.785,62.45,24867200,2764249,True,8,4,396103.54,20.192,,,25.62,20050930,50.46,8,62.73,0,False,OK
K_B4_f3_c3_r3,4,8,-1,4000,60,10,2,true,false,3200,dummy,4,4,4,1000,1000,1000000,0.9,0.1,0,0,0,0,0,0,0,3,452445.11,70.569,65.481,77.192,90.362,62.69,28362644,2757598,True,8,4,447200.32,71.43,,,254.45,22704505,50.6,8,62.87,0,False,OK
K_B1_lead_f0_f3_c2_r3,4,2,-1,1000,60,10,2,true,false,200,dummy,4,4,4,1000,1000,1000000,0.9,0.1,0,0,0,0,2,2,0,2,151859.58,13.162,13.067,14.636,16.155,62.51,9493200,725698,True,2,4,151904.36,13.162,,,14.783,7682710,50.55,2,62.53,0,False,OK
K_B1_lead_f3_c2_r3,4,2,-1,1000,60,10,2,true,false,200,dummy,4,4,4,1000,1000,1000000,0.9,0.1,0,0,0,0,0,2,0,2,159396.04,12.54,12.443,14.316,15.531,62.52,9965400,736720,True,2,4,159396.73,12.543,,,14.449,8063054,50.56,2,62.54,0,False,OK
K_B4_f3_c6_r3,4,8,-1,4000,60,10,2,true,false,3200,dummy,4,4,4,1000,1000,1000000,0.9,0.1,0,0,0,0,0,0,0,6,448399.93,71.33,75.281,89.491,97.482,62.64,28086030,2735852,True,8,4,452312.08,70.746,,,97.709,22938640,50.55,8,62.82,0,False,OK
K_B2_f0_c2_r3,4,4,-1,1000,60,10,2,true,false,800,dummy,4,4,4,1000,1000,1000000,0.9,0.1,0,0,0,0,2,0,0,0,319684.84,12.522,12.362,14.763,16.058,62.41,19950938,1433785,True,4,4,319207.57,12.526,,,15.368,16139350,50.5,4,62.56,0,False,OK
K_B3_f0_c6_r3,4,8,-1,1000,60,10,2,true,false,1600,dummy,4,4,4,1000,1000,1000000,0.9,0.1,0,0,0,0,6,0,0,0,394238.83,18.767,18.475,21.399,24.328,62.51,24642778,2782762,True,8,4,393934.68,18.732,,,25.696,19964704,50.51,8,62.79,0,False,OK
K_B1_f3_c3_r3,4,2,-1,1000,60,10,2,true,false,200,dummy,4,4,4,1000,1000,1000000,0.9,0.1,0,0,0,0,0,0,0,3,169255.17,11.809,12.053,14.677,16.493,62.59,10594000,718465,True,2,4,169361.56,11.804,,,16.036,8579938,50.63,2,62.61,0,False,OK
K_B4_lead_c6_r3,4,8,-1,4000,60,10,2,true,false,3200,dummy,4,4,4,1000,1000,1000000,0.9,0.1,0,0,0,0,0,6,0,0,442522.64,72.267,69.111,78.216,93.481,62.57,27687478,2734821,True,8,4,439781.1,72.759,,,99.379,22269920,50.44,8,62.75,0,False,OK
K_B2_lead_c6_r3,4,4,-1,1000,60,10,2,true,false,800,dummy,4,4,4,1000,1000,1000000,0.9,0.1,0,0,0,0,0,6,0,0,310163.84,12.906,12.318,14.247,17.656,62.54,19398312,1440883,True,4,4,308687.35,12.954,,,16.455,15647436,50.62,4,62.69,0,False,OK
K_B3_ctl_c0_r3,4,8,-1,1000,60,10,2,true,false,1600,dummy,4,4,4,1000,1000,1000000,0.9,0.1,0,0,0,0,0,0,0,0,448944.79,17.847,16.359,20.599,25.743,62.59,28098158,2759260,True,8,4,444910.17,17.976,,,26.314,22584726,50.6,8,62.87,0,False,OK
K_B3_lead_f3_c6_r3,4,8,-1,1000,60,10,2,true,false,1600,dummy,4,4,4,1000,1000,1000000,0.9,0.1,0,0,0,0,0,6,0,6,424961.15,18.854,18.549,22.935,28.82,62.58,26595341,2759643,True,8,4,425772.06,18.785,,,27.09,21611678,50.6,8,62.87,0,False,OK
K_B3_lead_f0_f3_c1_r3,4,8,-1,1000,60,10,2,true,false,1600,dummy,4,4,4,1000,1000,1000000,0.9,0.1,0,0,0,0,1,1,0,1,193943.11,41.057,40.575,45.926,48.899,62.45,12112229,2853008,True,8,4,193399.6,41.072,,,50.61,9787931,50.45,8,62.74,0,False,OK
K_B2_lead_f0_c4_r3,4,4,-1,1000,60,10,2,true,false,800,dummy,4,4,4,1000,1000,1000000,0.9,0.1,0,0,0,0,4,4,0,0,312817.49,12.797,12.852,15.726,19.484,62.4,19518885,1433470,True,4,4,313214.28,12.766,,,17.752,15832528,50.47,4,62.54,0,False,OK
K_B4_lead_f3_c8_r3,4,8,-1,4000,60,10,2,true,false,3200,dummy,4,4,4,1000,1000,1000000,0.9,0.1,0,0,0,0,0,8,0,8,451490.64,70.831,69.612,81.68,95.276,62.64,28281600,2732980,True,8,4,451047.16,70.94,,,91.688,22872607,50.53,8,62.82,0,False,OK
K_B1_lead_f0_f3_c6_r3,4,2,-1,1000,60,10,2,true,false,200,dummy,4,4,4,1000,1000,1000000,0.9,0.1,0,0,0,0,6,6,0,6,163001.51,12.263,12.72,15.446,16.857,62.56,10197613,735710,True,2,4,163735.41,12.211,,,16.009,8289289,50.6,2,62.58,0,False,OK
K_B2_lead_f0_f3_c3_r3,4,4,-1,1000,60,10,2,true,false,800,dummy,4,4,4,1000,1000,1000000,0.9,0.1,0,0,0,0,3,3,0,3,302845.1,13.218,13.35,15.05,16.201,62.43,18907084,1460361,True,4,4,303316.15,13.183,,,17.18,15339993,50.51,4,62.58,0,False,OK
K_B1_lead_f3_c1_r3,4,2,-1,1000,60,10,2,true,false,200,dummy,4,4,4,1000,1000,1000000,0.9,0.1,0,0,0,0,0,1,0,1,134147.46,14.899,14.814,16.773,17.833,62.47,8379621,734060,True,2,4,134154.63,14.903,,,17.711,6778653,50.51,2,62.48,0,False,OK
K_B2_f3_c2_r3,4,4,-1,1000,60,10,2,true,false,800,dummy,4,4,4,1000,1000,1000000,0.9,0.1,0,0,0,0,0,0,0,2,289364.84,13.824,11.996,14.178,17.578,62.43,18064700,1436185,True,4,4,285579.79,13.928,,,116.139,14442287,50.51,4,62.58,0,False,OK
K_B2_lead_c4_r3,4,4,-1,1000,60,10,2,true,false,800,dummy,4,4,4,1000,1000,1000000,0.9,0.1,0,0,0,0,0,4,0,0,313064.97,12.787,12.465,13.974,16.05,62.39,19532000,1432953,True,4,4,312695.45,12.787,,,16.957,15802341,50.46,4,62.53,0,False,OK
K_B2_lead_f3_c2_r3,4,4,-1,1000,60,10,2,true,false,800,dummy,4,4,4,1000,1000,1000000,0.9,0.1,0,0,0,0,0,2,0,2,234988.53,17.036,14.654,16.804,19.681,62.44,14672000,1453131,True,4,4,227250.51,17.596,,,121.546,11491547,50.5,4,62.58,0,False,OK
K_B3_lead_f3_c8_r3,4,8,-1,1000,60,10,2,true,false,1600,dummy,4,4,4,1000,1000,1000000,0.9,0.1,0,0,0,0,0,8,0,8,445229.34,17.692,16.843,20.445,26.46,62.55,27849259,2761154,True,8,4,442771.87,17.718,,,26.772,22462245,50.57,8,62.84,0,False,OK
K_B3_lead_f0_c6_r3,4,8,-1,1000,60,10,2,true,false,1600,dummy,4,4,4,1000,1000,1000000,0.9,0.1,0,0,0,0,6,6,0,0,416172.94,19.253,18.203,20.683,23.408,62.58,26046112,2762344,True,8,4,413169.7,19.358,,,24.535,20972504,50.6,8,62.87,0,False,OK
K_B1_f3_c2_r3,4,2,-1,1000,60,10,2,true,false,200,dummy,4,4,4,1000,1000,1000000,0.9,0.1,0,0,0,0,0,0,0,2,167001.9,11.969,12.276,17.067,18.937,62.56,10447862,725444,True,2,4,168488.87,11.866,,,15.642,8529762,50.6,2,62.58,0,False,OK
K_B2_f3_c6_r3,4,4,-1,1000,60,10,2,true,false,800,dummy,4,4,4,1000,1000,1000000,0.9,0.1,0,0,0,0,0,0,0,6,300463.97,13.323,14.038,16.321,18.068,62.35,18733972,1439343,True,4,4,304904.33,13.114,,,17.792,15397390,50.43,4,62.5,0,False,OK
K_B3_lead_f0_c3_r3,4,8,-1,1000,60,10,2,true,false,1600,dummy,4,4,4,1000,1000,1000000,0.9,0.1,0,0,0,0,3,3,0,0,379090.51,21.137,20.52,23.501,25.518,62.59,23725785,2797083,True,8,4,377830.58,21.169,,,26.307,19178458,50.6,8,62.88,0,False,OK
K_B3_lead_f0_f3_c3_r3,4,8,-1,1000,60,10,2,true,false,1600,dummy,4,4,4,1000,1000,1000000,0.9,0.1,0,0,0,0,3,3,0,3,357185.12,22.432,21.274,24.386,26.195,62.75,22414400,2764513,True,8,4,354795.61,22.544,,,27.213,18068996,50.76,8,63.04,0,False,OK
K_B2_f3_c4_r3,4,4,-1,1000,60,10,2,true,false,800,dummy,4,4,4,1000,1000,1000000,0.9,0.1,0,0,0,0,0,0,0,4,296507.02,13.501,13.234,16.576,18.667,62.42,18508557,1433943,True,4,4,295687.16,13.523,,,17.982,14952690,50.51,4,62.57,0,False,OK
K_B3_lead_f0_c8_r3,4,8,-1,1000,60,10,2,true,false,1600,dummy,4,4,4,1000,1000,1000000,0.9,0.1,0,0,0,0,8,8,0,0,439132.81,18.246,17.345,21.013,24.347,62.74,27550400,2742330,True,8,4,437372.42,18.286,,,24.741,22271491,50.76,8,63.02,0,False,OK
K_B1_lead_c3_r3,4,2,-1,1000,60,10,2,true,false,200,dummy,4,4,4,1000,1000,1000000,0.9,0.1,0,0,0,0,0,3,0,0,168287.79,11.877,11.549,13.635,15.28,62.6,10535600,732139,True,2,4,168219.22,11.885,,,15.548,8523909,50.65,2,62.62,0,False,OK
K_B4_lead_f0_f3_c6_r3,4,8,-1,4000,60,10,2,true,false,3200,dummy,4,4,4,1000,1000,1000000,0.9,0.1,0,0,0,0,6,6,0,6,433168.47,73.841,69.995,80.033,93.197,62.7,27161055,2747114,True,8,4,430110.41,74.388,,,90.638,21842551,50.63,8,62.89,0,False,OK
K_B3_lead_f0_f3_c4_r3,4,8,-1,1000,60,10,2,true,false,1600,dummy,4,4,4,1000,1000,1000000,0.9,0.1,0,0,0,0,4,4,0,4,374020.6,21.424,20.848,24.04,26.055,62.61,23419178,2781939,True,8,4,372952.12,21.445,,,26.589,18942096,50.63,8,62.9,0,False,OK
K_B3_f3_c8_r3,4,8,-1,1000,60,10,2,true,false,1600,dummy,4,4,4,1000,1000,1000000,0.9,0.1,0,0,0,0,0,0,0,8,343195.69,20.962,20.055,23.334,25.135,62.6,21485552,2795829,True,8,4,339956.69,21.085,,,25.95,17261809,50.61,8,62.89,0,False,OK
K_B4_lead_f0_c6_r3,4,8,-1,4000,60,10,2,true,false,3200,dummy,4,4,4,1000,1000,1000000,0.9,0.1,0,0,0,0,6,6,0,0,437490.09,73.112,68.352,76.655,92.278,62.78,27466281,2753578,True,8,4,433245.51,73.855,,,112.898,22034179,50.7,8,62.96,0,False,OK
K_B1_lead_f3_c3_r3,4,2,-1,1000,60,10,2,true,false,200,dummy,4,4,4,1000,1000,1000000,0.9,0.1,0,0,0,0,0,3,0,3,170473.12,11.724,11.853,13.635,15.094,62.61,10673600,724643,True,2,4,170779.35,11.706,,,15.096,8654601,50.65,2,62.63,0,False,OK
K_B2_f3_c3_r3,4,4,-1,1000,60,10,2,true,false,800,dummy,4,4,4,1000,1000,1000000,0.9,0.1,0,0,0,0,0,0,0,3,317306.82,12.616,12.292,13.961,17.176,62.41,19802859,1418545,True,4,4,316355.02,12.639,,,16.015,15995887,50.5,4,62.56,0,False,OK
K_B1_lead_f3_c8_r3,4,2,-1,1000,60,10,2,true,false,200,dummy,4,4,4,1000,1000,1000000,0.9,0.1,0,0,0,0,0,8,0,8,166534.19,12.002,11.984,14.284,16.09,62.56,10418871,726033,True,2,4,165746.58,12.063,,,17.689,8391046,50.6,2,62.58,0,False,OK
K_B2_f0_c1_r3,4,4,-1,1000,60,10,2,true,false,800,dummy,4,4,4,1000,1000,1000000,0.9,0.1,0,0,0,0,1,0,0,0,284373.67,14.074,12.977,21.401,23.846,62.49,17770014,1436787,True,4,4,282059.06,14.172,,,71.405,14282190,50.58,4,62.64,0,False,OK
K_B4_lead_f0_f3_c1_r3,4,8,-1,4000,60,10,2,true,false,3200,dummy,4,4,4,1000,1000,1000000,0.9,0.1,0,0,0,0,1,1,0,1,193238.43,165.428,162.088,183.85,208.233,62.49,12075744,2829216,True,8,4,192535.7,166.219,,,280.863,9732109,50.38,8,62.68,0,False,OK
K_B2_lead_c3_r3,4,4,-1,1000,60,10,2,true,false,800,dummy,4,4,4,1000,1000,1000000,0.9,0.1,0,0,0,0,0,3,0,0,307082.81,13.036,12.629,14.539,17.027,62.38,19156016,1438224,True,4,4,306274.73,13.055,,,17.06,15477249,50.46,4,62.53,0,False,OK
K_B4_ctl_c0_r3,4,8,-1,4000,60,10,2,true,false,3200,dummy,4,4,4,1000,1000,1000000,0.9,0.1,0,0,0,0,0,0,0,0,476502.56,64.112,61.531,85.215,152.136,0.96,458273,458273,False,8,4,0.0,0.0,,,0.0,0,50.45,8,1.14,49,True,OK
K_B4_lead_c2_r3,4,8,-1,4000,60,10,2,true,false,3200,dummy,4,4,4,1000,1000,1000000,0.9,0.1,0,0,0,0,0,2,0,0,342276.19,93.45,90.069,99.69,106.761,62.6,21426224,2812512,True,8,4,340199.44,94.06,,,112.378,17238355,50.51,8,62.79,0,False,OK
K_B2_f3_c8_r3,4,4,-1,1000,60,10,2,true,false,800,dummy,4,4,4,1000,1000,1000000,0.9,0.1,0,0,0,0,0,0,0,8,304620.81,13.141,12.523,13.896,19.211,62.49,19036800,1435615,True,4,4,302398.81,13.223,,,17.149,15315018,50.58,4,62.64,0,False,OK
K_B2_lead_f0_f3_c2_r3,4,4,-1,1000,60,10,2,true,false,800,dummy,4,4,4,1000,1000,1000000,0.9,0.1,0,0,0,0,2,2,0,2,248636.51,16.101,14.912,17.071,19.174,62.34,15500404,1443630,True,4,4,244724.72,16.34,,,28.035,12353077,50.41,4,62.49,0,False,OK
K_B4_f0_c6_r3,4,8,-1,4000,60,10,2,true,false,3200,dummy,4,4,4,1000,1000,1000000,0.9,0.1,0,0,0,0,6,0,0,0,468890.47,68.192,64.518,74.687,96.98,62.68,29390812,2753293,True,8,4,467537.21,68.406,,,207.035,23736500,50.61,8,62.87,0,False,OK
K_B1_f0_c8_r3,4,2,-1,1000,60,10,2,true,false,200,dummy,4,4,4,1000,1000,1000000,0.9,0.1,0,0,0,0,8,0,0,0,172213.32,11.606,11.257,14.6,16.461,62.46,10755885,730031,True,2,4,172158.63,11.613,,,16.878,8698114,50.51,2,62.47,0,False,OK
K_B2_f0_c6_r3,4,4,-1,1000,60,10,2,true,false,800,dummy,4,4,4,1000,1000,1000000,0.9,0.1,0,0,0,0,6,0,0,0,306220.51,13.073,12.415,13.79,16.121,62.48,19132165,1441036,True,4,4,303928.49,13.156,,,17.992,15388355,50.56,4,62.63,0,False,OK
K_B3_lead_f0_f3_c2_r3,4,8,-1,1000,60,10,2,true,false,1600,dummy,4,4,4,1000,1000,1000000,0.9,0.1,0,0,0,0,2,2,0,2,283105.45,28.286,26.621,30.749,33.458,62.54,17706192,2809192,True,8,4,280666.18,28.497,,,42.214,14232499,50.56,8,62.83,0,False,OK
K_B2_lead_f0_c3_r3,4,4,-1,1000,60,10,2,true,false,800,dummy,4,4,4,1000,1000,1000000,0.9,0.1,0,0,0,0,3,3,0,0,307700.64,13.009,13.049,16.133,18.419,62.43,19209621,1446716,True,4,4,308445.73,12.963,,,16.874,15601872,50.52,4,62.58,0,False,OK
K_B4_lead_f0_f3_c3_r3,4,8,-1,4000,60,10,2,true,false,3200,dummy,4,4,4,1000,1000,1000000,0.9,0.1,0,0,0,0,3,3,0,3,394764.95,80.994,77.837,85.293,93.545,62.74,24768441,2759805,True,8,4,392698.25,81.485,,,229.772,19948561,50.64,8,62.92,0,False,OK
K_B2_lead_c1_r3,4,4,-1,1000,60,10,2,true,false,800,dummy,4,4,4,1000,1000,1000000,0.9,0.1,0,0,0,0,0,1,0,0,178126.31,22.475,22.003,25.116,27.013,62.51,11135200,1482717,True,4,4,177692.1,22.505,,,27.246,8996561,50.56,4,62.66,0,False,OK
K_B2_lead_f0_c2_r3,4,4,-1,1000,60,10,2,true,false,800,dummy,4,4,4,1000,1000,1000000,0.9,0.1,0,0,0,0,2,2,0,0,272553.77,14.688,14.481,16.484,17.991,62.41,17009600,1470102,True,4,4,273453.97,14.623,,,17.661,13822648,50.48,4,62.55,0,False,OK
K_B3_f0_c1_r3,4,8,-1,1000,60,10,2,true,false,1600,dummy,4,4,4,1000,1000,1000000,0.9,0.1,0,0,0,0,1,0,0,0,383066.02,20.675,16.789,20.205,58.07,62.54,23958204,2777419,True,8,4,375395.07,21.026,,,37.101,19038046,50.55,8,62.83,0,False,OK
K_B1_ctl_c0_r3,4,2,-1,1000,60,10,2,true,false,200,dummy,4,4,4,1000,1000,1000000,0.9,0.1,0,0,0,0,0,0,0,0,170516.68,11.721,11.992,14.254,15.778,62.68,10687695,717836,True,2,4,171632.56,11.648,,,15.582,8709023,50.72,2,62.69,0,False,OK
K_B4_lead_f0_c4_r3,4,8,-1,4000,60,10,2,true,false,3200,dummy,4,4,4,1000,1000,1000000,0.9,0.1,0,0,0,0,4,4,0,0,392155.14,81.55,76.903,86.114,92.479,62.61,24552590,2771296,True,8,4,388918.65,82.28,,,94.797,19708031,50.51,8,62.79,0,False,OK
K_B4_f0_c2_r3,4,8,-1,4000,60,10,2,true,false,3200,dummy,4,4,4,1000,1000,1000000,0.9,0.1,0,0,0,0,2,0,0,0,415378.67,76.986,75.38,87.512,101.411,62.81,26091824,2740575,True,8,4,413841.9,77.307,,,255.991,21061909,50.73,8,63.0,0,False,OK
K_B2_lead_f0_f3_c6_r3,4,4,-1,1000,60,10,2,true,false,800,dummy,4,4,4,1000,1000,1000000,0.9,0.1,0,0,0,0,6,6,0,6,298543.27,13.409,12.791,14.774,17.983,62.44,18641324,1429773,True,4,4,298406.22,13.4,,,17.217,15095924,50.52,4,62.59,0,False,OK
K_B4_lead_f3_c1_r3,4,8,-1,4000,60,10,2,true,false,3200,dummy,4,4,4,1000,1000,1000000,0.9,0.1,0,0,0,0,0,1,0,1,197869.92,161.563,157.751,173.348,189.021,62.51,12368823,2851179,True,8,4,196954.15,162.442,,,248.527,9961745,50.42,8,62.7,0,False,OK
K_B4_f0_c3_r3,4,8,-1,4000,60,10,2,true,false,3200,dummy,4,4,4,1000,1000,1000000,0.9,0.1,0,0,0,0,3,0,0,0,424769.21,75.298,65.542,78.784,99.489,62.75,26652626,2787518,True,8,4,415789.73,76.944,,,101.274,21133384,50.67,8,62.93,0,False,OK
K_B4_f3_c4_r3,4,8,-1,4000,60,10,2,true,false,3200,dummy,4,4,4,1000,1000,1000000,0.9,0.1,0,0,0,0,0,0,0,4,442763.38,72.236,70.379,83.4,96.626,62.67,27747307,2719936,True,8,4,442094.18,72.377,,,195.861,22438645,50.58,8,62.85,0,False,OK
K_B1_lead_c2_r3,4,2,-1,1000,60,10,2,true,false,200,dummy,4,4,4,1000,1000,1000000,0.9,0.1,0,0,0,0,0,2,0,0,161786.01,12.355,12.208,13.747,15.065,62.46,10105400,740838,True,2,4,161507.94,12.379,,,14.409,8160025,50.5,2,62.48,0,False,OK
K_B1_lead_f0_c8_r3,4,2,-1,1000,60,10,2,true,false,200,dummy,4,4,4,1000,1000,1000000,0.9,0.1,0,0,0,0,8,8,0,0,159489.36,12.533,12.572,15.154,16.796,62.57,9979200,728925,True,2,4,159945.56,12.5,,,17.567,8098011,50.61,2,62.59,0,False,OK
K_B1_lead_f0_f3_c1_r3,4,2,-1,1000,60,10,2,true,false,200,dummy,4,4,4,1000,1000,1000000,0.9,0.1,0,0,0,0,1,1,0,1,132104.49,15.131,15.068,17.558,18.816,62.45,8250399,754268,True,2,4,132098.98,15.136,,,18.621,6671714,50.49,2,62.47,0,False,OK
K_B4_lead_f3_c3_r3,4,8,-1,4000,60,10,2,true,false,3200,dummy,4,4,4,1000,1000,1000000,0.9,0.1,0,0,0,0,0,3,0,3,394360.45,81.104,80.606,88.691,95.3,62.74,24742400,2755833,True,8,4,393893.32,81.229,,,211.256,20016642,50.66,8,62.93,0,False,OK
K_B4_lead_c8_r3,4,8,-1,4000,60,10,2,true,false,3200,dummy,4,4,4,1000,1000,1000000,0.9,0.1,0,0,0,0,0,8,0,0,437370.66,73.124,64.415,72.741,85.942,62.58,27372748,2755994,True,8,4,429695.29,74.462,,,89.525,21769093,50.5,8,62.76,0,False,OK
K_B4_lead_f3_c6_r3,4,8,-1,4000,60,10,2,true,false,3200,dummy,4,4,4,1000,1000,1000000,0.9,0.1,0,0,0,0,0,6,0,6,423772.2,75.466,71.509,79.836,88.601,62.65,26547408,2757746,True,8,4,420520.49,76.086,,,95.065,21328411,50.57,8,62.83,0,False,OK
K_B2_lead_f0_c6_r3,4,4,-1,1000,60,10,2,true,false,800,dummy,4,4,4,1000,1000,1000000,0.9,0.1,0,0,0,0,6,6,0,0,302745.37,13.223,13.124,15.608,17.831,62.47,18912449,1434012,True,4,4,304566.03,13.129,,,17.16,15416397,50.55,4,62.62,0,False,OK
K_B3_lead_f3_c1_r3,4,8,-1,1000,60,10,2,true,false,1600,dummy,4,4,4,1000,1000,1000000,0.9,0.1,0,0,0,0,0,1,0,1,199639.08,40.136,39.563,45.43,48.497,62.49,12476082,2848840,True,8,4,199290.87,40.137,,,49.584,10093196,50.49,8,62.78,0,False,OK
K_B1_f0_c2_r3,4,2,-1,1000,60,10,2,true,false,200,dummy,4,4,4,1000,1000,1000000,0.9,0.1,0,0,0,0,2,0,0,0,171503.31,11.654,12.796,17.275,19.197,62.44,10708752,720593,True,2,4,173801.26,11.503,,,14.944,8779232,50.49,2,62.46,0,False,OK
K_B3_lead_c1_r3,4,8,-1,1000,60,10,2,true,false,1600,dummy,4,4,4,1000,1000,1000000,0.9,0.1,0,0,0,0,0,1,0,0,189191.98,42.351,41.672,48.346,51.385,62.5,11825341,2843428,True,8,4,188650.09,42.4,,,53.101,9555830,50.5,8,62.79,0,False,OK
K_B3_lead_c2_r3,4,8,-1,1000,60,10,2,true,false,1600,dummy,4,4,4,1000,1000,1000000,0.9,0.1,0,0,0,0,0,2,0,0,337552.4,23.738,22.915,26.042,28.164,62.54,21112085,2792666,True,8,4,336078.47,23.8,,,28.77,17042543,50.55,8,62.83,0,False,OK
K_B3_f0_c8_r4,4,8,-1,1000,60,10,2,true,false,1600,dummy,4,4,4,1000,1000,1000000,0.9,0.1,0,0,0,0,8,0,0,0,451119.38,17.762,15.634,20.516,26.659,62.5,28194029,2755432,True,8,4,444152.82,18.006,,,26.487,22509676,50.52,8,62.78,0,False,OK
K_B2_f0_c1_r4,4,4,-1,1000,60,10,2,true,false,800,dummy,4,4,4,1000,1000,1000000,0.9,0.1,0,0,0,0,1,0,0,0,289837.14,13.811,11.701,14.262,17.545,62.38,18080039,1431953,True,4,4,282584.04,14.15,,,61.062,14304934,50.56,4,62.52,0,False,OK
K_B2_lead_c1_r4,4,4,-1,1000,60,10,2,true,false,800,dummy,4,4,4,1000,1000,1000000,0.9,0.1,0,0,0,0,0,1,0,0,177059.22,22.61,22.239,25.173,27.14,62.43,11053733,1482251,True,4,4,176665.63,22.638,,,27.571,8929830,50.48,4,62.58,0,False,OK
K_B3_lead_f0_f3_c4_r4,4,8,-1,1000,60,10,2,true,false,1600,dummy,4,4,4,1000,1000,1000000,0.9,0.1,0,0,0,0,4,4,0,4,388269.87,20.637,19.901,24.106,26.879,62.67,24332800,2754360,True,8,4,387436.19,20.644,,,27.766,19698163,50.68,8,62.96,0,False,OK
K_B4_lead_f3_c2_r4,4,8,-1,4000,60,10,2,true,false,3200,dummy,4,4,4,1000,1000,1000000,0.9,0.1,0,0,0,0,0,2,0,2,353513.61,90.463,86.779,96.589,111.514,62.66,22150638,2783507,True,8,4,351208.65,91.093,,,305.337,17814533,50.56,8,62.84,0,False,OK
K_B1_f0_c2_r4,4,2,-1,1000,60,10,2,true,false,200,dummy,4,4,4,1000,1000,1000000,0.9,0.1,0,0,0,0,2,0,0,0,164636.6,12.141,12.433,17.166,20.066,62.82,10341897,719031,True,2,4,165423.76,12.086,,,16.104,8418198,50.86,2,62.83,0,False,OK
K_B3_lead_f0_c1_r4,4,8,-1,1000,60,10,2,true,false,1600,dummy,4,4,4,1000,1000,1000000,0.9,0.1,0,0,0,0,1,1,0,0,192918.43,41.539,40.889,47.781,52.435,62.38,12035152,2856407,True,8,4,192412.01,41.576,,,55.538,9724556,50.38,8,62.66,0,False,OK
K_B2_lead_f0_c1_r4,4,4,-1,1000,60,10,2,true,false,800,dummy,4,4,4,1000,1000,1000000,0.9,0.1,0,0,0,0,1,1,0,0,182667.92,21.917,21.734,24.75,26.536,62.47,11410400,1477389,True,4,4,182595.11,21.901,,,26.574,9236943,50.52,4,62.62,0,False,OK
K_B3_f3_c1_r4,4,8,-1,1000,60,10,2,true,false,1600,dummy,4,4,4,1000,1000,1000000,0.9,0.1,0,0,0,0,0,0,0,1,434624.39,18.435,16.67,19.676,22.03,62.46,27145964,2741200,True,8,4,430459.69,18.579,,,23.861,21799162,50.48,8,62.74,0,False,OK
K_B4_f0_c6_r4,4,8,-1,4000,60,10,2,true,false,3200,dummy,4,4,4,1000,1000,1000000,0.9,0.1,0,0,0,0,6,0,0,0,439427.41,72.779,63.745,72.912,89.535,62.63,27520005,2759944,True,8,4,430339.95,74.348,,,92.875,21818425,50.54,8,62.81,0,False,OK
K_B2_lead_f0_f3_c8_r4,4,4,-1,1000,60,10,2,true,false,800,dummy,4,4,4,1000,1000,1000000,0.9,0.1,0,0,0,0,8,8,0,8,300694.15,13.313,12.68,13.954,16.086,62.51,18796651,1432870,True,4,4,298080.73,13.415,,,17.371,15100855,50.59,4,62.66,0,False,OK
K_B2_lead_f0_f3_c4_r4,4,4,-1,1000,60,10,2,true,false,800,dummy,4,4,4,1000,1000,1000000,0.9,0.1,0,0,0,0,4,4,0,4,302375.94,13.239,13.155,16.172,18.435,62.42,18873600,1446830,True,4,4,302400.98,13.222,,,17.811,15291686,50.5,4,62.57,0,False,OK
K_B2_lead_f3_c6_r4,4,4,-1,1000,60,10,2,true,false,800,dummy,4,4,4,1000,1000,1000000,0.9,0.1,0,0,0,0,0,6,0,6,303359.91,13.197,12.883,15.158,16.608,62.52,18966407,1437734,True,4,4,303218.13,13.187,,,16.407,15364019,50.6,4,62.67,0,False,OK
K_B3_lead_c2_r4,4,8,-1,1000,60,10,2,true,false,1600,dummy,4,4,4,1000,1000,1000000,0.9,0.1,0,0,0,0,0,2,0,0,322450.39,24.849,24.083,27.338,29.763,62.46,20141764,2811614,True,8,4,321210.57,24.9,,,30.188,16263145,50.48,8,62.75,0,False,OK
K_B4_lead_f0_f3_c8_r4,4,8,-1,4000,60,10,2,true,false,3200,dummy,4,4,4,1000,1000,1000000,0.9,0.1,0,0,0,0,8,8,0,8,461934.09,69.242,64.208,73.545,88.687,62.64,28936192,2748779,True,8,4,454662.73,70.377,,,138.694,23060561,50.55,8,62.83,0,False,OK
K_B2_lead_f0_c6_r4,4,4,-1,1000,60,10,2,true,false,800,dummy,4,4,4,1000,1000,1000000,0.9,0.1,0,0,0,0,6,6,0,0,300907.42,13.303,13.387,15.466,17.352,62.54,18818215,1433691,True,4,4,301872.65,13.246,,,16.926,15300200,50.62,4,62.69,0,False,OK
K_B4_lead_f3_c3_r4,4,8,-1,4000,60,10,2,true,false,3200,dummy,4,4,4,1000,1000,1000000,0.9,0.1,0,0,0,0,0,3,0,3,401804.47,79.581,77.184,84.1,90.465,62.67,25180947,2732995,True,8,4,400330.72,79.869,,,240.587,20311803,50.56,8,62.84,0,False,OK
K_B4_f0_c3_r4,4,8,-1,4000,60,10,2,true,false,3200,dummy,4,4,4,1000,1000,1000000,0.9,0.1,0,0,0,0,3,0,0,0,438520.49,72.869,64.831,77.183,83.853,62.61,27455196,2770326,True,8,4,430846.48,74.177,,,103.852,21839260,50.53,8,62.78,0,False,OK
K_B3_lead_f0_c2_r4,4,8,-1,1000,60,10,2,true,false,1600,dummy,4,4,4,1000,1000,1000000,0.9,0.1,0,0,0,0,2,2,0,0,323180.01,24.794,24.008,27.091,29.261,62.53,20208009,2798815,True,8,4,321834.07,24.852,,,29.835,16315985,50.55,8,62.82,0,False,OK
K_B3_lead_f0_c8_r4,4,8,-1,1000,60,10,2,true,false,1600,dummy,4,4,4,1000,1000,1000000,0.9,0.1,0,0,0,0,8,8,0,0,439331.03,18.237,16.64,20.077,25.49,62.57,27488127,2762384,True,8,4,434589.67,18.404,,,30.036,22053645,50.59,8,62.85,0,False,OK
K_B2_f0_c4_r4,4,4,-1,1000,60,10,2,true,false,800,dummy,4,4,4,1000,1000,1000000,0.9,0.1,0,0,0,0,4,0,0,0,299337.24,13.373,13.033,15.074,16.813,62.38,18671521,1456557,True,4,4,298306.95,13.404,,,17.537,15071873,50.46,4,62.53,0,False,OK
K_B2_lead_c4_r4,4,4,-1,1000,60,10,2,true,false,800,dummy,4,4,4,1000,1000,1000000,0.9,0.1,0,0,0,0,0,4,0,0,300798.59,13.308,12.579,14.391,17.978,62.39,18766587,1442112,True,4,4,298951.64,13.375,,,18.327,15109094,50.47,4,62.54,0,False,OK
K_B4_lead_f0_f3_c1_r4,4,8,-1,4000,60,10,2,true,false,3200,dummy,4,4,4,1000,1000,1000000,0.9,0.1,0,0,0,0,1,1,0,1,197403.1,161.943,158.234,169.506,175.901,62.6,12358400,2850037,True,8,4,196485.74,162.841,,,296.115,9954331,50.5,8,62.8,0,False,OK
K_B1_f0_c8_r4,4,2,-1,1000,60,10,2,true,false,200,dummy,4,4,4,1000,1000,1000000,0.9,0.1,0,0,0,0,8,0,0,0,165879.43,12.05,12.166,14.609,16.199,62.52,10370884,725632,True,2,4,165980.51,12.045,,,15.966,8396286,50.56,2,62.54,0,False,OK
K_B1_lead_f3_c8_r4,4,2,-1,1000,60,10,2,true,false,200,dummy,4,4,4,1000,1000,1000000,0.9,0.1,0,0,0,0,0,8,0,8,166194.09,12.027,13.975,17.835,19.6,62.56,10397634,718696,True,2,4,169442.56,11.799,,,15.872,8579706,50.6,2,62.58,0,False,OK
K_B1_ctl_c0_r4,4,2,-1,1000,60,10,2,true,false,200,dummy,4,4,4,1000,1000,1000000,0.9,0.1,0,0,0,0,0,0,0,0,170378.5,11.731,11.7,14.065,15.445,62.49,10646200,725530,True,2,4,170805.59,11.704,,,16.48,8635482,50.53,2,62.5,0,False,OK
K_B3_f0_c2_r4,4,8,-1,1000,60,10,2,true,false,1600,dummy,4,4,4,1000,1000,1000000,0.9,0.1,0,0,0,0,2,0,0,0,328938.9,21.321,20.477,23.453,24.945,62.52,20566699,2825236,True,8,4,326933.47,21.379,,,26.089,16571345,50.53,8,62.81,0,False,OK
K_B4_lead_c6_r4,4,8,-1,4000,60,10,2,true,false,3200,dummy,4,4,4,1000,1000,1000000,0.9,0.1,0,0,0,0,0,6,0,0,436201.68,73.326,67.431,74.264,87.426,62.78,27386684,2748549,True,8,4,431402.46,74.172,,,96.613,21942665,50.71,8,62.97,0,False,OK
K_B1_f3_c3_r4,4,2,-1,1000,60,10,2,true,false,200,dummy,4,4,4,1000,1000,1000000,0.9,0.1,0,0,0,0,0,0,0,3,173670.16,11.509,11.899,14.06,15.304,62.38,10833770,723667,True,2,4,174389.33,11.464,,,15.247,8797799,50.42,2,62.4,0,False,OK
K_B3_lead_c1_r4,4,8,-1,1000,60,10,2,true,false,1600,dummy,4,4,4,1000,1000,1000000,0.9,0.1,0,0,0,0,0,1,0,0,188268.74,42.562,41.876,49.362,53.175,62.48,11762133,2848975,True,8,4,187809.65,42.595,,,55.038,9508162,50.47,8,62.77,0,False,OK
K_B1_f3_c4_r4,4,2,-1,1000,60,10,2,true,false,200,dummy,4,4,4,1000,1000,1000000,0.9,0.1,0,0,0,0,0,0,0,4,168995.58,11.828,12.176,14.233,15.629,62.48,10559046,722789,True,2,4,169551.97,11.792,,,15.934,8570664,50.52,2,62.5,0,False,OK
K_B2_lead_c6_r4,4,4,-1,1000,60,10,2,true,false,800,dummy,4,4,4,1000,1000,1000000,0.9,0.1,0,0,0,0,0,6,0,0,305382.32,13.109,13.575,15.677,17.587,62.38,19049598,1438232,True,4,4,307129.28,13.019,,,16.409,15518428,50.45,4,62.53,0,False,OK
K_B1_lead_f0_f3_c6_r4,4,2,-1,1000,60,10,2,true,false,200,dummy,4,4,4,1000,1000,1000000,0.9,0.1,0,0,0,0,6,6,0,6,178695.22,11.185,11.295,13.168,14.657,62.51,11170400,709522,True,2,4,178638.47,11.191,,,14.776,9036385,50.56,2,62.53,0,False,OK
K_B1_lead_c2_r4,4,2,-1,1000,60,10,2,true,false,200,dummy,4,4,4,1000,1000,1000000,0.9,0.1,0,0,0,0,0,2,0,0,154969.05,12.898,12.797,14.388,15.299,62.46,9679800,734856,True,2,4,155026.37,12.897,,,16.36,7832653,50.5,2,62.48,0,False,OK
K_B2_lead_f0_c3_r4,4,4,-1,1000,60,10,2,true,false,800,dummy,4,4,4,1000,1000,1000000,0.9,0.1,0,0,0,0,3,3,0,0,301328.38,13.285,12.847,14.618,15.971,62.42,18808800,1440602,True,4,4,299207.23,13.364,,,17.54,15129605,50.5,4,62.57,0,False,OK
K_B4_lead_f0_c6_r4,4,8,-1,4000,60,10,2,true,false,3200,dummy,4,4,4,1000,1000,1000000,0.9,0.1,0,0,0,0,6,6,0,0,425355.95,75.198,70.329,82.842,99.81,62.72,26676561,2768964,True,8,4,422611.08,75.716,,,107.6,21466863,50.63,8,62.9,0,False,OK
K_B3_f0_c3_r4,4,8,-1,1000,60,10,2,true,false,1600,dummy,4,4,4,1000,1000,1000000,0.9,0.1,0,0,0,0,3,0,0,0,427597.07,18.738,17.32,21.335,25.693,62.58,26757548,2725875,True,8,4,423728.3,18.875,,,26.17,21505382,50.6,8,62.86,0,False,OK
K_B3_f3_c3_r4,4,8,-1,1000,60,10,2,true,false,1600,dummy,4,4,4,1000,1000,1000000,0.9,0.1,0,0,0,0,0,0,0,3,424487.61,18.803,16.451,18.885,23.968,62.44,26505527,2733360,True,8,4,419015.68,18.957,,,51.265,21211684,50.46,8,62.72,0,False,OK
K_B4_ctl_c0_r4,4,8,-1,4000,60,10,2,true,false,3200,dummy,4,4,4,1000,1000,1000000,0.9,0.1,0,0,0,0,0,0,0,0,463994.46,68.929,64.084,72.845,93.078,62.71,29097600,2753931,True,8,4,459241.01,69.673,,,100.708,23321755,50.6,8,62.89,0,False,OK
K_B3_lead_f3_c4_r4,4,8,-1,1000,60,10,2,true,false,1600,dummy,4,4,4,1000,1000,1000000,0.9,0.1,0,0,0,0,0,4,0,4,374043.05,21.422,20.651,23.537,25.354,62.64,23430400,2808829,True,8,4,372013.3,21.5,,,26.793,18903087,50.66,8,62.93,0,False,OK
K_B3_lead_c6_r4,4,8,-1,1000,60,10,2,true,false,1600,dummy,4,4,4,1000,1000,1000000,0.9,0.1,0,0,0,0,0,6,0,0,424331.03,18.883,18.167,21.256,24.824,62.62,26571069,2753458,True,8,4,422858.73,18.914,,,23.961,21479291,50.64,8,62.9,0,False,OK
K_B3_lead_c8_r4,4,8,-1,1000,60,10,2,true,false,1600,dummy,4,4,4,1000,1000,1000000,0.9,0.1,0,0,0,0,0,8,0,0,437108.7,18.33,17.403,21.726,25.802,62.73,27418386,2748622,True,8,4,436805.25,18.31,,,27.369,22237315,50.75,8,63.01,0,False,OK
K_B4_f3_c1_r4,4,8,-1,4000,60,10,2,true,false,3200,dummy,4,4,4,1000,1000,1000000,0.9,0.1,0,0,0,0,0,0,0,1,459561.16,69.563,69.343,79.137,85.23,62.63,28784494,2711401,True,8,4,460272.91,69.514,,,122.147,23342338,50.55,8,62.82,0,False,OK
K_B3_f3_c4_r4,4,8,-1,1000,60,10,2,true,false,1600,dummy,4,4,4,1000,1000,1000000,0.9,0.1,0,0,0,0,0,0,0,4,447467.01,17.904,16.864,20.713,24.873,62.63,28024714,2741036,True,8,4,445079.95,17.969,,,30.748,22615832,50.65,8,62.91,0,False,OK
K_B1_lead_f3_c6_r4,4,2,-1,1000,60,10,2,true,false,200,dummy,4,4,4,1000,1000,1000000,0.9,0.1,0,0,0,0,0,6,0,6,160962.35,12.418,12.52,14.837,16.53,62.37,10038600,738248,True,2,4,161084.02,12.411,,,17.092,8123478,50.4,2,62.38,0,False,OK
K_B2_lead_f0_f3_c1_r4,4,4,-1,1000,60,10,2,true,false,800,dummy,4,4,4,1000,1000,1000000,0.9,0.1,0,0,0,0,1,1,0,1,155373.7,25.732,23.292,26.429,28.015,62.47,9705485,1496254,True,4,4,152534.24,26.195,,,140.117,7715454,50.51,4,62.61,0,False,OK
K_B4_lead_f0_c8_r4,4,8,-1,4000,60,10,2,true,false,3200,dummy,4,4,4,1000,1000,1000000,0.9,0.1,0,0,0,0,8,8,0,0,468640.9,63.35,57.297,103.698,180.621,0.55,258933,258933,False,8,4,0.0,0.0,,,0.0,0,50.35,8,0.73,49,True,OK
K_B2_lead_f3_c1_r4,4,4,-1,1000,60,10,2,true,false,800,dummy,4,4,4,1000,1000,1000000,0.9,0.1,0,0,0,0,0,1,0,1,159848.22,25.047,22.786,25.769,27.793,62.38,9970714,1491408,True,4,4,156419.5,25.568,,,99.214,7898024,50.42,4,62.53,0,False,OK
K_B2_f3_c1_r4,4,4,-1,1000,60,10,2,true,false,800,dummy,4,4,4,1000,1000,1000000,0.9,0.1,0,0,0,0,0,0,0,1,310229.07,12.887,11.478,12.855,14.59,62.37,19350288,1440961,True,4,4,306789.09,13.014,,,36.134,15499094,50.45,4,62.52,0,False,OK
K_B3_f0_c6_r4,4,8,-1,1000,60,10,2,true,false,1600,dummy,4,4,4,1000,1000,1000000,0.9,0.1,0,0,0,0,6,0,0,0,442964.25,18.089,16.557,20.732,24.898,62.63,27743078,2731110,True,8,4,438833.28,18.225,,,25.318,22297312,50.65,8,62.91,0,False,OK
K_B4_lead_f3_c8_r4,4,8,-1,4000,60,10,2,true,false,3200,dummy,4,4,4,1000,1000,1000000,0.9,0.1,0,0,0,0,0,8,0,8,445350.76,71.82,67.331,76.125,87.004,62.56,27860129,2743028,True,8,4,441813.57,72.422,,,92.347,22372865,50.48,8,62.74,0,False,OK
K_B3_lead_f0_c3_r4,4,8,-1,1000,60,10,2,true,false,1600,dummy,4,4,4,1000,1000,1000000,0.9,0.1,0,0,0,0,3,3,0,0,386861.71,20.712,19.721,22.29,24.279,62.56,24203219,2798115,True,8,4,384383.57,20.807,,,24.952,19500407,50.57,8,62.84,0,False,OK
K_B2_lead_f0_c8_r4,4,4,-1,1000,60,10,2,true,false,800,dummy,4,4,4,1000,1000,1000000,0.9,0.1,0,0,0,0,8,8,0,0,306797.09,13.048,12.859,15.421,17.419,62.46,19162394,1441057,True,4,4,305959.38,13.069,,,16.537,15485727,50.54,4,62.61,0,False,OK
K_B2_lead_c2_r4,4,4,-1,1000,60,10,2,true,false,800,dummy,4,4,4,1000,1000,1000000,0.9,0.1,0,0,0,0,0,2,0,0,270029.39,14.825,14.449,16.424,17.783,62.51,16878661,1438437,True,4,4,270131.54,14.803,,,18.043,13682048,50.58,4,62.65,0,False,OK
K_B1_lead_f0_c3_r4,4,2,-1,1000,60,10,2,true,false,200,dummy,4,4,4,1000,1000,1000000,0.9,0.1,0,0,0,0,3,3,0,0,170448.42,11.726,12.006,16.311,18.097,62.68,10683470,721098,True,2,4,171049.47,11.689,,,15.216,8679649,50.72,2,62.69,0,False,OK
K_B3_f3_c8_r4,4,8,-1,1000,60,10,2,true,false,1600,dummy,4,4,4,1000,1000,1000000,0.9,0.1,0,0,0,0,0,0,0,8,449224.6,17.836,16.494,20.046,23.983,62.67,28151578,2760683,True,8,4,447655.08,17.866,,,27.731,22761154,50.69,8,62.95,0,False,OK
K_B1_f3_c2_r4,4,2,-1,1000,60,10,2,true,false,200,dummy,4,4,4,1000,1000,1000000,0.9,0.1,0,0,0,0,0,0,0,2,175568.51,11.384,11.477,15.302,17.709,62.59,10989633,722567,True,2,4,175756.92,11.375,,,16.169,8904022,50.64,2,62.61,0,False,OK
K_B1_f3_c6_r4,4,2,-1,1000,60,10,2,true,false,200,dummy,4,4,4,1000,1000,1000000,0.9,0.1,0,0,0,0,0,0,0,6,163461.92,12.228,12.582,15.264,16.795,62.43,10205274,718954,True,2,4,163927.59,12.196,,,16.866,8277297,50.47,2,62.45,0,False,OK
K_B4_lead_c2_r4,4,8,-1,4000,60,10,2,true,false,3200,dummy,4,4,4,1000,1000,1000000,0.9,0.1,0,0,0,0,0,2,0,0,339118.3,94.31,90.833,102.384,118.875,62.68,21256678,2790118,True,8,4,337294.24,94.85,,,116.364,17118785,50.59,8,62.87,0,False,OK
K_B2_lead_f3_c4_r4,4,4,-1,1000,60,10,2,true,false,800,dummy,4,4,4,1000,1000,1000000,0.9,0.1,0,0,0,0,0,4,0,4,302673.97,13.226,12.395,14.22,16.622,62.41,18889409,1431163,True,4,4,300217.53,13.319,,,19.444,15179031,50.49,4,62.56,0,False,OK
K_B1_lead_f3_c2_r4,4,2,-1,1000,60,10,2,true,false,200,dummy,4,4,4,1000,1000,1000000,0.9,0.1,0,0,0,0,0,2,0,2,152969.97,13.067,12.881,14.758,16.331,62.59,9573741,726584,True,2,4,152843.3,13.081,,,15.647,7741112,50.63,2,62.6,0,False,OK
K_B3_f3_c2_r4,4,8,-1,1000,60,10,2,true,false,1600,dummy,4,4,4,1000,1000,1000000,0.9,0.1,0,0,0,0,0,0,0,2,417524.29,19.176,17.261,21.778,25.671,62.53,26107147,2754657,True,8,4,412955.79,19.351,,,40.094,20938722,50.55,8,62.81,0,False,OK
K_B1_f0_c3_r4,4,2,-1,1000,60,10,2,true,false,200,dummy,4,4,4,1000,1000,1000000,0.9,0.1,0,0,0,0,3,0,0,0,161681.73,12.363,12.334,15.463,16.859,62.62,10124200,737130,True,2,4,161837.37,12.354,,,17.719,8202388,50.66,2,62.63,0,False,OK
K_B2_lead_f0_c4_r4,4,4,-1,1000,60,10,2,true,false,800,dummy,4,4,4,1000,1000,1000000,0.9,0.1,0,0,0,0,4,4,0,0,295571.44,13.544,13.567,15.523,17.996,62.45,18457902,1438436,True,4,4,296569.86,13.483,,,18.054,15005063,50.53,4,62.59,0,False,OK
K_B3_lead_f0_c6_r4,4,8,-1,1000,60,10,2,true,false,1600,dummy,4,4,4,1000,1000,1000000,0.9,0.1,0,0,0,0,6,6,0,0,412336.16,19.432,18.703,22.809,25.6,62.58,25803235,2760701,True,8,4,411215.84,19.45,,,26.147,20871097,50.59,8,62.86,0,False,OK
K_B1_lead_f3_c3_r4,4,2,-1,1000,60,10,2,true,false,200,dummy,4,4,4,1000,1000,1000000,0.9,0.1,0,0,0,0,0,3,0,3,163023.23,12.26,12.375,16.131,17.913,62.44,10179874,718909,True,2,4,163676.01,12.215,,,15.555,8266471,50.48,2,62.46,0,False,OK
K_B2_lead_f3_c8_r4,4,4,-1,1000,60,10,2,true,false,800,dummy,4,4,4,1000,1000,1000000,0.9,0.1,0,0,0,0,0,8,0,8,317596.04,12.605,11.889,14.203,16.27,62.44,19830116,1408695,True,4,4,316447.7,12.636,,,16.385,16009781,50.52,4,62.59,0,False,OK
K_B4_lead_f0_c3_r4,4,8,-1,4000,60,10,2,true,false,3200,dummy,4,4,4,1000,1000,1000000,0.9,0.1,0,0,0,0,3,3,0,0,400427.22,79.868,79.182,88.323,97.545,62.67,25094400,2768112,True,8,4,399827.17,80.028,,,91.218,20290584,50.6,8,62.85,0,False,OK
K_B1_lead_f0_f3_c2_r4,4,2,-1,1000,60,10,2,true,false,200,dummy,4,4,4,1000,1000,1000000,0.9,0.1,0,0,0,0,2,2,0,2,150764.56,13.257,12.959,13.904,14.43,62.58,9435131,736626,True,2,4,150377.34,13.295,,,15.908,7614691,50.61,2,62.6,0,False,OK
K_B1_f3_c8_r4,4,2,-1,1000,60,10,2,true,false,200,dummy,4,4,4,1000,1000,1000000,0.9,0.1,0,0,0,0,0,0,0,8,165784.15,12.057,11.861,14.02,15.355,62.6,10378303,732754,True,2,4,165376.31,12.089,,,16.479,8380271,50.65,2,62.62,0,False,OK
K_B1_lead_f0_c8_r4,4,2,-1,1000,60,10,2,true,false,200,dummy,4,4,4,1000,1000,1000000,0.9,0.1,0,0,0,0,8,8,0,0,163132.81,12.252,11.795,14.477,15.943,62.56,10205324,733157,True,2,4,162986.44,12.266,,,16.734,8250331,50.6,2,62.58,0,False,OK
K_B4_f0_c2_r4,4,8,-1,4000,60,10,2,true,false,3200,dummy,4,4,4,1000,1000,1000000,0.9,0.1,0,0,0,0,2,0,0,0,401492.12,79.382,77.829,85.184,89.473,62.67,25160351,2756070,True,8,4,400826.46,79.533,,,215.241,20337700,50.58,8,62.85,0,False,OK
K_B4_lead_c1_r4,4,8,-1,4000,60,10,2,true,false,3200,dummy,4,4,4,1000,1000,1000000,0.9,0.1,0,0,0,0,0,1,0,0,202151.75,158.12,154.966,168.267,176.173,62.61,12656168,2864540,True,8,4,201255.62,158.97,,,180.304,10195503,50.5,8,62.78,0,False,OK
K_B1_lead_f3_c4_r4,4,2,-1,1000,60,10,2,true,false,200,dummy,4,4,4,1000,1000,1000000,0.9,0.1,0,0,0,0,0,4,0,4,168714.47,11.847,11.873,15.639,17.663,62.68,10575590,727196,True,2,4,168996.7,11.83,,,15.231,8576732,50.73,2,62.7,0,False,OK
K_B4_lead_c3_r4,4,8,-1,4000,60,10,2,true,false,3200,dummy,4,4,4,1000,1000,1000000,0.9,0.1,0,0,0,0,0,3,0,0,414528.74,77.161,73.583,80.343,88.468,62.66,25972611,2742585,True,8,4,411491.47,77.756,,,91.295,20877714,50.58,8,62.84,0,False,OK
K_B2_lead_f0_f3_c3_r4,4,4,-1,1000,60,10,2,true,false,800,dummy,4,4,4,1000,1000,1000000,0.9,0.1,0,0,0,0,3,3,0,3,311139.91,12.866,12.441,14.769,16.685,62.51,19448000,1436516,True,4,4,309869.42,12.904,,,15.628,15697255,50.59,4,62.65,0,False,OK
K_B1_lead_c8_r4,4,2,-1,1000,60,10,2,true,false,200,dummy,4,4,4,1000,1000,1000000,0.9,0.1,0,0,0,0,0,8,0,0,163651.47,12.214,12.612,15.442,16.973,62.64,10251755,741458,True,2,4,164229.2,12.174,,,15.84,8328539,50.69,2,62.66,0,False,OK
K_B1_lead_f0_f3_c4_r4,4,2,-1,1000,60,10,2,true,false,200,dummy,4,4,4,1000,1000,1000000,0.9,0.1,0,0,0,0,4,4,0,4,166824.82,11.981,12.227,15.107,16.513,62.55,10435419,729419,True,2,4,167720.91,11.92,,,15.919,8490407,50.6,2,62.57,0,False,OK
K_B4_f3_c6_r4,4,8,-1,4000,60,10,2,true,false,3200,dummy,4,4,4,1000,1000,1000000,0.9,0.1,0,0,0,0,0,0,0,6,466820.2,68.515,64.098,72.876,89.556,62.63,29236405,2746288,True,8,4,463613.43,69.015,,,93.8,23509370,50.55,8,62.81,0,False,OK
K_B2_f3_c2_r4,4,4,-1,1000,60,10,2,true,false,800,dummy,4,4,4,1000,1000,1000000,0.9,0.1,0,0,0,0,0,0,0,2,287204.27,13.915,11.703,13.57,16.658,62.23,17872600,1427483,True,4,4,278403.9,14.367,,,220.784,14077822,50.5,4,62.34,0,False,OK
K_B4_lead_c8_r4,4,8,-1,4000,60,10,2,true,false,3200,dummy,4,4,4,1000,1000,1000000,0.9,0.1,0,0,0,0,0,8,0,0,461593.44,69.298,67.521,78.038,90.47,62.88,29023784,2734188,True,8,4,459725.84,69.598,,,90.768,23432064,50.81,8,63.07,0,False,OK
K_B3_lead_f0_f3_c2_r4,4,8,-1,1000,60,10,2,true,false,1600,dummy,4,4,4,1000,1000,1000000,0.9,0.1,0,0,0,0,2,2,0,2,286827.87,27.932,25.88,29.986,32.364,62.56,17944600,2831656,True,8,4,283206.07,28.242,,,38.705,14364722,50.57,8,62.85,0,False,OK
K_B2_f0_c6_r4,4,4,-1,1000,60,10,2,true,false,800,dummy,4,4,4,1000,1000,1000000,0.9,0.1,0,0,0,0,6,0,0,0,298843.16,13.396,13.182,15.168,17.948,62.41,18649600,1442044,True,4,4,297668.93,13.434,,,16.262,15048524,50.49,4,62.56,0,False,OK
K_B2_lead_f0_c2_r4,4,4,-1,1000,60,10,2,true,false,800,dummy,4,4,4,1000,1000,1000000,0.9,0.1,0,0,0,0,2,2,0,0,275503.6,14.531,14.117,16.256,18.213,62.47,17210400,1424234,True,4,4,276280.46,14.473,,,17.54,13982312,50.54,4,62.62,0,False,OK
K_B3_lead_c4_r4,4,8,-1,1000,60,10,2,true,false,1600,dummy,4,4,4,1000,1000,1000000,0.9,0.1,0,0,0,0,0,4,0,0,391478.53,20.467,19.902,22.829,25.557,62.68,24539200,2799648,True,8,4,390161.29,20.5,,,25.988,19841023,50.69,8,62.97,0,False,OK
K_B4_lead_f0_f3_c6_r4,4,8,-1,4000,60,10,2,true,false,3200,dummy,4,4,4,1000,1000,1000000,0.9,0.1,0,0,0,0,6,6,0,6,440126.81,72.666,72.181,82.463,92.608,62.69,27593071,2704659,True,8,4,439163.67,72.857,,,95.252,22293451,50.6,8,62.88,0,False,OK
K_B1_lead_f0_f3_c8_r4,4,2,-1,1000,60,10,2,true,false,200,dummy,4,4,4,1000,1000,1000000,0.9,0.1,0,0,0,0,8,8,0,8,173794.77,11.5,11.656,13.599,15.067,62.43,10850320,715456,True,2,4,174252.41,11.473,,,15.025,8800305,50.48,2,62.45,0,False,OK
K_B4_lead_f0_c1_r4,4,8,-1,4000,60,10,2,true,false,3200,dummy,4,4,4,1000,1000,1000000,0.9,0.1,0,0,0,0,1,1,0,0,185607.55,172.204,168.434,188.687,208.942,62.57,11612758,2871987,True,8,4,184794.82,173.173,,,235.939,9353881,50.46,8,62.75,0,False,OK
K_B3_lead_f3_c3_r4,4,8,-1,1000,60,10,2,true,false,1600,dummy,4,4,4,1000,1000,1000000,0.9,0.1,0,0,0,0,0,3,0,3,384949.78,20.815,20.001,23.032,25.219,62.58,24091151,2783052,True,8,4,383292.13,20.867,,,25.864,19454042,50.59,8,62.87,0,False,OK
K_B1_lead_f0_f3_c1_r4,4,2,-1,1000,60,10,2,true,false,200,dummy,4,4,4,1000,1000,1000000,0.9,0.1,0,0,0,0,1,1,0,1,126805.69,15.763,15.616,17.772,19.346,62.52,7927600,739666,True,2,4,126788.33,15.77,,,19.038,6411512,50.54,2,62.53,0,False,OK
K_B2_f3_c8_r4,4,4,-1,1000,60,10,2,true,false,800,dummy,4,4,4,1000,1000,1000000,0.9,0.1,0,0,0,0,0,0,0,8,317049.51,12.626,12.113,14.502,18.332,62.42,19790996,1446977,True,4,4,315044.16,12.692,,,16.759,15932872,50.51,4,62.57,0,False,OK
K_B4_f3_c2_r4,4,8,-1,4000,60,10,2,true,false,3200,dummy,4,4,4,1000,1000,1000000,0.9,0.1,0,0,0,0,0,0,0,2,423803.56,75.429,69.42,73.945,84.458,62.61,26534921,2730173,True,8,4,419193.09,76.319,,,353.479,21247278,50.5,8,62.79,0,False,OK
K_B2_lead_f0_f3_c6_r4,4,4,-1,1000,60,10,2,true,false,800,dummy,4,4,4,1000,1000,1000000,0.9,0.1,0,0,0,0,6,6,0,6,314373.86,12.734,12.866,14.666,16.12,62.48,19642400,1429858,True,4,4,314319.1,12.721,,,15.503,15914789,50.56,4,62.63,0,False,OK
K_B4_lead_c4_r4,4,8,-1,4000,60,10,2,true,false,3200,dummy,4,4,4,1000,1000,1000000,0.9,0.1,0,0,0,0,0,4,0,0,403512.6,79.249,74.817,89.624,114.347,62.73,25312000,2753838,True,8,4,401890.97,79.607,,,95.83,20414479,50.64,8,62.91,0,False,OK
K_B4_lead_f0_c4_r4,4,8,-1,4000,60,10,2,true,false,3200,dummy,4,4,4,1000,1000,1000000,0.9,0.1,0,0,0,0,4,4,0,0,409507.72,78.093,74.362,87.329,95.34,62.68,25667200,2763865,True,8,4,407621.81,78.505,,,95.896,20690240,50.6,8,62.86,0,False,OK
K_B1_lead_c3_r4,4,2,-1,1000,60,10,2,true,false,200,dummy,4,4,4,1000,1000,1000000,0.9,0.1,0,0,0,0,0,3,0,0,169266.4,11.809,11.652,14.029,15.469,62.49,10577501,731890,True,2,4,169755.67,11.777,,,15.676,8583335,50.54,2,62.51,0,False,OK
K_B3_f0_c4_r4,4,8,-1,1000,60,10,2,true,false,1600,dummy,4,4,4,1000,1000,1000000,0.9,0.1,0,0,0,0,4,0,0,0,455077.18,18.191,16.919,21.173,28.252,3.0,1363069,1363069,False,8,4,0.0,0.0,,,0.0,0,50.43,8,3.28,49,True,OK
K_B3_lead_f3_c6_r4,4,8,-1,1000,60,10,2,true,false,1600,dummy,4,4,4,1000,1000,1000000,0.9,0.1,0,0,0,0,0,6,0,6,411351.01,19.478,18.591,22.961,26.258,62.8,25831475,2760971,True,8,4,409809.5,19.517,,,26.957,20887990,50.82,8,63.08,0,False,OK
K_B2_ctl_c0_r4,4,4,-1,1000,60,10,2,true,false,800,dummy,4,4,4,1000,1000,1000000,0.9,0.1,0,0,0,0,0,0,0,0,316849.96,12.634,12.533,15.402,19.474,62.36,19758796,1427763,True,4,4,318017.79,12.573,,,16.525,16063126,50.44,4,62.51,0,False,OK
K_B2_lead_f3_c3_r4,4,4,-1,1000,60,10,2,true,false,800,dummy,4,4,4,1000,1000,1000000,0.9,0.1,0,0,0,0,0,3,0,3,299976.55,13.345,13.264,15.155,16.768,62.4,18718400,1433286,True,4,4,300060.1,13.326,,,16.379,15167052,50.48,4,62.55,0,False,OK
K_B1_lead_f0_c6_r4,4,2,-1,1000,60,10,2,true,false,200,dummy,4,4,4,1000,1000,1000000,0.9,0.1,0,0,0,0,6,6,0,0,169050.33,11.823,11.978,14.153,15.729,62.6,10582800,728490,True,2,4,169152.29,11.819,,,15.864,8570022,50.64,2,62.62,0,False,OK
K_B3_lead_f0_f3_c6_r4,4,8,-1,1000,60,10,2,true,false,1600,dummy,4,4,4,1000,1000,1000000,0.9,0.1,0,0,0,0,6,6,0,6,409125.67,19.585,18.402,21.338,25.1,62.44,25546176,2766997,True,8,4,405970.12,19.701,,,29.119,20549727,50.46,8,62.72,0,False,OK
K_B4_f3_c4_r4,4,8,-1,4000,60,10,2,true,false,3200,dummy,4,4,4,1000,1000,1000000,0.9,0.1,0,0,0,0,0,0,0,4,469217.62,68.157,64.792,75.018,94.005,62.75,29441743,2705022,True,8,4,466623.46,68.574,,,212.362,23721335,50.65,8,62.93,0,False,OK
K_B4_lead_f0_f3_c2_r4,4,8,-1,4000,60,10,2,true,false,3200,dummy,4,4,4,1000,1000,1000000,0.9,0.1,0,0,0,0,2,2,0,2,293804.29,108.829,103.686,122.185,133.578,62.59,18389910,2776162,True,8,4,293022.98,109.219,,,248.693,14842116,50.49,8,62.77,0,False,OK
K_B4_lead_f3_c6_r4,4,8,-1,4000,60,10,2,true,false,3200,dummy,4,4,4,1000,1000,1000000,0.9,0.1,0,0,0,0,0,6,0,6,449914.17,71.083,69.07,81.831,94.627,62.6,28164457,2751974,True,8,4,448887.02,71.278,,,99.585,22747718,50.52,8,62.78,0,False,OK
K_B3_lead_f0_f3_c8_r4,4,8,-1,1000,60,10,2,true,false,1600,dummy,4,4,4,1000,1000,1000000,0.9,0.1,0,0,0,0,8,8,0,8,442712.23,18.098,17.063,21.579,26.153,62.61,27719523,2743049,True,8,4,439880.1,18.181,,,27.926,22342821,50.63,8,62.89,0,False,OK
K_B4_lead_f0_f3_c3_r4,4,8,-1,4000,60,10,2,true,false,3200,dummy,4,4,4,1000,1000,1000000,0.9,0.1,0,0,0,0,3,3,0,3,364815.89,87.657,85.755,91.846,96.252,62.71,22877640,2787861,True,8,4,363584.3,88.006,,,97.184,18460292,50.61,8,62.89,0,False,OK
K_B3_lead_f0_f3_c1_r4,4,8,-1,1000,60,10,2,true,false,1600,dummy,4,4,4,1000,1000,1000000,0.9,0.1,0,0,0,0,1,1,0,1,185984.8,43.082,42.489,48.421,51.348,62.47,11617600,2820553,True,8,4,185684.09,43.08,,,52.716,9398675,50.47,8,62.75,0,False,OK
K_B4_f0_c4_r4,4,8,-1,4000,60,10,2,true,false,3200,dummy,4,4,4,1000,1000,1000000,0.9,0.1,0,0,0,0,4,0,0,0,443280.86,72.151,65.871,77.353,89.079,62.66,27776626,2738913,True,8,4,439131.02,72.864,,,101.966,22281829,50.58,8,62.84,0,False,OK
K_B2_lead_f3_c2_r4,4,4,-1,1000,60,10,2,true,false,800,dummy,4,4,4,1000,1000,1000000,0.9,0.1,0,0,0,0,0,2,0,2,239910.06,16.687,14.59,16.669,18.656,62.59,15016050,1453781,True,4,4,235148.39,16.959,,,53.288,11927873,50.66,4,62.74,0,False,OK
K_B2_lead_c8_r4,4,4,-1,1000,60,10,2,true,false,800,dummy,4,4,4,1000,1000,1000000,0.9,0.1,0,0,0,0,0,8,0,0,312652.53,12.803,12.834,15.319,18.269,62.37,19498669,1427080,True,4,4,314589.28,12.711,,,17.607,15890973,50.45,4,62.51,0,False,OK
K_B4_lead_f0_c2_r4,4,8,-1,4000,60,10,2,true,false,3200,dummy,4,4,4,1000,1000,1000000,0.9,0.1,0,0,0,0,2,2,0,0,348628.24,91.735,90.106,98.974,105.825,62.77,21882190,2803808,True,8,4,347758.85,92.021,,,105.141,17679332,50.68,8,62.95,0,False,OK
K_B2_f3_c4_r4,4,4,-1,1000,60,10,2,true,false,800,dummy,4,4,4,1000,1000,1000000,0.9,0.1,0,0,0,0,0,0,0,4,301993.69,13.255,13.026,15.643,17.774,62.56,18891652,1419906,True,4,4,301382.13,13.267,,,17.17,15280734,50.63,4,62.7,0,False,OK
K_B2_f0_c3_r4,4,4,-1,1000,60,10,2,true,false,800,dummy,4,4,4,1000,1000,1000000,0.9,0.1,0,0,0,0,3,0,0,0,307775.14,13.007,12.962,14.651,17.05,62.46,19223004,1434025,True,4,4,307504.34,13.004,,,19.271,15561534,50.54,4,62.6,0,False,OK
K_B1_f0_c4_r4,4,2,-1,1000,60,10,2,true,false,200,dummy,4,4,4,1000,1000,1000000,0.9,0.1,0,0,0,0,4,0,0,0,169600.43,11.785,11.823,14.18,16.405,62.58,10612997,722850,True,2,4,169677.35,11.783,,,15.812,8592858,50.62,2,62.59,0,False,OK
K_B1_lead_f3_c1_r4,4,2,-1,1000,60,10,2,true,false,200,dummy,4,4,4,1000,1000,1000000,0.9,0.1,0,0,0,0,0,1,0,1,129365.53,15.363,14.784,16.828,18.136,62.5,8085383,735145,True,2,4,128612.97,15.442,,,19.891,6501388,50.53,2,62.52,0,False,OK
K_B1_lead_f0_c2_r4,4,2,-1,1000,60,10,2,true,false,200,dummy,4,4,4,1000,1000,1000000,0.9,0.1,0,0,0,0,2,2,0,0,155675.96,12.84,12.72,13.603,14.383,62.64,9750941,736215,True,2,4,155383.13,12.867,,,15.823,7877461,50.67,2,62.65,0,False,OK
K_B2_lead_f0_f3_c2_r4,4,4,-1,1000,60,10,2,true,false,800,dummy,4,4,4,1000,1000,1000000,0.9,0.1,0,0,0,0,2,2,0,2,235930.6,16.968,15.476,18.288,20.038,62.4,14721600,1461601,True,4,4,231812.92,17.17,,,27.225,11713529,50.46,4,62.54,0,False,OK
K_B2_f0_c8_r4,4,4,-1,1000,60,10,2,true,false,800,dummy,4,4,4,1000,1000,1000000,0.9,0.1,0,0,0,0,8,0,0,0,302353.31,13.24,13.508,15.078,16.801,62.41,18869600,1436724,True,4,4,302261.05,13.229,,,17.674,15280539,50.48,4,62.56,0,False,OK
K_B3_lead_f0_f3_c3_r4,4,8,-1,1000,60,10,2,true,false,1600,dummy,4,4,4,1000,1000,1000000,0.9,0.1,0,0,0,0,3,3,0,3,364148.62,21.994,20.397,23.184,25.103,62.55,22775987,2773843,True,8,4,359367.57,22.246,,,41.318,18223979,50.55,8,62.83,0,False,OK
K_B1_lead_c1_r4,4,2,-1,1000,60,10,2,true,false,200,dummy,4,4,4,1000,1000,1000000,0.9,0.1,0,0,0,0,0,1,0,0,132110.33,15.129,14.989,15.552,16.247,62.44,8248800,731528,True,2,4,132014.99,15.145,,,16.868,6665782,50.46,2,62.46,0,False,OK
K_B3_lead_f3_c2_r4,4,8,-1,1000,60,10,2,true,false,1600,dummy,4,4,4,1000,1000,1000000,0.9,0.1,0,0,0,0,0,2,0,2,308477.89,25.929,24.526,27.978,30.349,62.46,19267178,2797123,True,8,4,306847.18,26.011,,,47.446,15535430,50.46,8,62.74,0,False,OK
K_B1_lead_c6_r4,4,2,-1,1000,60,10,2,true,false,200,dummy,4,4,4,1000,1000,1000000,0.9,0.1,0,0,0,0,0,6,0,0,176241.13,11.34,12.076,16.066,18.103,62.49,11013414,719261,True,2,4,177463.5,11.265,,,15.039,8972334,50.54,2,62.51,0,False,OK
K_B1_f0_c1_r4,4,2,-1,1000,60,10,2,true,false,200,dummy,4,4,4,1000,1000,1000000,0.9,0.1,0,0,0,0,1,0,0,0,164925.07,12.119,12.344,14.773,16.549,62.56,10318400,723249,True,2,4,165355.14,12.09,,,13.776,8371807,50.61,2,62.58,0,False,OK
K_B1_f0_c6_r4,4,2,-1,1000,60,10,2,true,false,200,dummy,4,4,4,1000,1000,1000000,0.9,0.1,0,0,0,0,6,0,0,0,162704.35,12.286,12.366,14.574,16.04,62.5,10169642,731330,True,2,4,162708.94,12.288,,,16.288,8228244,50.55,2,62.52,0,False,OK
K_B1_lead_f0_c4_r4,4,2,-1,1000,60,10,2,true,false,200,dummy,4,4,4,1000,1000,1000000,0.9,0.1,0,0,0,0,4,4,0,0,169678.34,11.779,11.696,14.169,15.802,62.52,10607861,713580,True,2,4,169822.17,11.773,,,14.833,8590604,50.56,2,62.53,0,False,OK
K_B3_lead_f3_c1_r4,4,8,-1,1000,60,10,2,true,false,1600,dummy,4,4,4,1000,1000,1000000,0.9,0.1,0,0,0,0,0,1,0,1,193506.0,41.293,40.426,47.473,51.549,62.37,12069569,2837096,True,8,4,192924.05,41.333,,,57.47,9747237,50.36,8,62.66,0,False,OK
K_B3_ctl_c0_r4,4,8,-1,1000,60,10,2,true,false,1600,dummy,4,4,4,1000,1000,1000000,0.9,0.1,0,0,0,0,0,0,0,0,433800.89,21.885,17.187,28.813,204.125,0.6,259134,259134,False,8,4,0.0,0.0,,,0.0,0,50.51,8,0.88,49,True,OK
K_B1_f3_c1_r4,4,2,-1,1000,60,10,2,true,false,200,dummy,4,4,4,1000,1000,1000000,0.9,0.1,0,0,0,0,0,0,0,1,179811.99,10.009,11.021,13.611,15.009,62.54,11245479,709595,True,2,4,178530.14,9.89,,,25.429,9036624,50.59,2,62.56,0,False,OK
K_B4_lead_f3_c4_r4,4,8,-1,4000,60,10,2,true,false,3200,dummy,4,4,4,1000,1000,1000000,0.9,0.1,0,0,0,0,0,4,0,4,389060.63,82.197,78.557,88.484,94.787,62.68,24387046,2790387,True,8,4,386970.91,82.683,,,96.76,19637528,50.59,8,62.86,0,False,OK
K_B3_f3_c6_r4,4,8,-1,1000,60,10,2,true,false,1600,dummy,4,4,4,1000,1000,1000000,0.9,0.1,0,0,0,0,0,0,0,6,434154.08,18.456,17.711,22.123,25.526,62.78,27256172,2741907,True,8,4,433311.95,18.457,,,27.098,22082467,50.8,8,63.07,0,False,OK
K_B4_lead_f3_c1_r4,4,8,-1,4000,60,10,2,true,false,3200,dummy,4,4,4,1000,1000,1000000,0.9,0.1,0,0,0,0,0,1,0,1,199320.26,160.373,157.312,176.069,193.98,62.55,12467200,2830436,True,8,4,198653.5,160.99,,,215.043,10053434,50.45,8,62.74,0,False,OK
K_B4_f0_c8_r4,4,8,-1,4000,60,10,2,true,false,3200,dummy,4,4,4,1000,1000,1000000,0.9,0.1,0,0,0,0,8,0,0,0,459401.66,69.624,68.733,77.146,94.337,62.71,28809982,2749806,True,8,4,459147.98,69.69,,,97.539,23320124,50.62,8,62.9,0,False,OK
K_B1_lead_f0_c1_r4,4,2,-1,1000,60,10,2,true,false,200,dummy,4,4,4,1000,1000,1000000,0.9,0.1,0,0,0,0,1,1,0,0,130772.27,15.284,15.056,15.831,17.314,62.51,8174003,737852,True,2,4,130577.63,15.312,,,17.661,6601321,50.53,2,62.52,0,False,OK
K_B2_f3_c3_r4,4,4,-1,1000,60,10,2,true,false,800,dummy,4,4,4,1000,1000,1000000,0.9,0.1,0,0,0,0,0,0,0,3,306379.51,13.066,13.185,14.642,15.936,62.42,19123418,1428448,True,4,4,307557.56,13.001,,,16.69,15553319,50.51,4,62.57,0,False,OK
K_B2_lead_c3_r4,4,4,-1,1000,60,10,2,true,false,800,dummy,4,4,4,1000,1000,1000000,0.9,0.1,0,0,0,0,0,3,0,0,307858.31,13.003,12.775,14.706,16.557,62.39,19208000,1435052,True,4,4,306167.6,13.06,,,17.068,15474764,50.47,4,62.54,0,False,OK
K_B3_lead_c3_r4,4,8,-1,1000,60,10,2,true,false,1600,dummy,4,4,4,1000,1000,1000000,0.9,0.1,0,0,0,0,0,3,0,0,392079.92,20.436,19.496,22.756,25.616,62.77,24611066,2777302,True,8,4,390163.12,20.499,,,25.809,19876008,50.79,8,63.05,0,False,OK
K_B4_lead_f0_f3_c4_r4,4,8,-1,4000,60,10,2,true,false,3200,dummy,4,4,4,1000,1000,1000000,0.9,0.1,0,0,0,0,4,4,0,4,355928.97,89.852,86.08,95.712,99.114,62.66,22300882,2788524,True,8,4,354275.11,90.312,,,104.034,17969439,50.57,8,62.84,0,False,OK
K_B1_lead_f0_f3_c3_r4,4,2,-1,1000,60,10,2,true,false,200,dummy,4,4,4,1000,1000,1000000,0.9,0.1,0,0,0,0,3,3,0,3,166077.49,12.036,11.768,13.69,15.09,62.55,10388676,724184,True,2,4,165145.99,12.106,,,19.685,8359854,50.6,2,62.57,0,False,OK
K_B2_f0_c2_r4,4,4,-1,1000,60,10,2,true,false,800,dummy,4,4,4,1000,1000,1000000,0.9,0.1,0,0,0,0,2,0,0,0,312267.76,12.819,12.6,15.082,17.392,62.48,19509971,1433652,True,4,4,313553.12,12.752,,,14.956,15874621,50.56,4,62.63,0,False,OK
K_B3_lead_f0_c4_r4,4,8,-1,1000,60,10,2,true,false,1600,dummy,4,4,4,1000,1000,1000000,0.9,0.1,0,0,0,0,4,4,0,0,395100.4,20.28,19.58,22.714,24.936,62.64,24748860,2785527,True,8,4,393747.38,20.313,,,25.855,20006632,50.65,8,62.93,0,False,OK
K_B4_f3_c3_r4,4,8,-1,4000,60,10,2,true,false,3200,dummy,4,4,4,1000,1000,1000000,0.9,0.1,0,0,0,0,0,0,0,3,426591.65,74.964,67.833,91.081,98.126,62.7,26748547,2707327,True,8,4,424953.05,75.282,,,222.852,21579080,50.61,8,62.88,0,False,OK
K_B1_lead_c4_r4,4,2,-1,1000,60,10,2,true,false,200,dummy,4,4,4,1000,1000,1000000,0.9,0.1,0,0,0,0,0,4,0,0,168826.27,11.839,12.348,14.681,16.064,62.62,10571906,723592,True,2,4,170034.83,11.758,,,15.235,8619231,50.67,2,62.64,0,False,OK
K_B3_f0_c1_r4,4,8,-1,1000,60,10,2,true,false,1600,dummy,4,4,4,1000,1000,1000000,0.9,0.1,0,0,0,0,1,0,0,0,395879.39,19.979,16.776,20.035,57.102,62.62,24789021,2777487,True,8,4,388349.85,20.279,,,33.702,19723834,50.64,8,62.9,0,False,OK
K_B4_f0_c1_r4,4,8,-1,4000,60,10,2,true,false,3200,dummy,4,4,4,1000,1000,1000000,0.9,0.1,0,0,0,0,1,0,0,0,399242.82,77.108,76.644,80.971,122.655,62.62,25002255,2764577,True,8,4,397012.58,77.054,,,264.249,20127151,50.54,8,62.81,0,False,OK
K_B2_f3_c6_r4,4,4,-1,1000,60,10,2,true,false,800,dummy,4,4,4,1000,1000,1000000,0.9,0.1,0,0,0,0,0,0,0,6,315475.84,12.689,12.214,14.547,18.651,62.48,19709966,1437315,True,4,4,313431.39,12.757,,,17.536,15868200,50.56,4,62.62,0,False,OK
K_B4_f3_c8_r4,4,8,-1,4000,60,10,2,true,false,3200,dummy,4,4,4,1000,1000,1000000,0.9,0.1,0,0,0,0,0,0,0,8,352544.4,39.529,38.811,58.864,76.689,62.68,22098663,2767955,True,8,4,350268.86,39.173,,,47.986,17774010,50.57,8,62.86,0,False,OK
K_B3_lead_f3_c8_r4,4,8,-1,1000,60,10,2,true,false,1600,dummy,4,4,4,1000,1000,1000000,0.9,0.1,0,0,0,0,0,8,0,8,454537.55,17.628,17.301,19.739,23.259,62.61,28460800,2730050,True,8,4,453558.9,17.633,,,25.311,23040076,50.64,8,62.9,0,False,OK
K_B1_f3_c6_r5,4,2,-1,1000,60,10,2,true,false,200,dummy,4,4,4,1000,1000,1000000,0.9,0.1,0,0,0,0,0,0,0,6,163710.69,12.21,12.043,14.221,15.867,62.54,10238000,733230,True,2,4,163961.79,12.194,,,17.217,8296816,50.58,2,62.55,0,False,OK
K_B4_lead_f0_c4_r5,4,8,-1,4000,60,10,2,true,false,3200,dummy,4,4,4,1000,1000,1000000,0.9,0.1,0,0,0,0,4,4,0,0,387760.93,82.483,80.503,88.561,100.374,62.79,24348565,2812941,True,8,4,387072.47,82.659,,,94.993,19686909,50.7,8,62.97,0,False,OK
K_B1_lead_f0_c6_r5,4,2,-1,1000,60,10,2,true,false,200,dummy,4,4,4,1000,1000,1000000,0.9,0.1,0,0,0,0,6,6,0,0,175477.3,11.391,11.883,14.556,16.139,62.51,10969481,717442,True,2,4,176347.37,11.337,,,16.208,8920165,50.56,2,62.53,0,False,OK
K_B2_lead_f3_c4_r5,4,4,-1,1000,60,10,2,true,false,800,dummy,4,4,4,1000,1000,1000000,0.9,0.1,0,0,0,0,0,4,0,4,295921.5,13.528,12.943,15.632,17.731,62.46,18483060,1431724,True,4,4,295475.64,13.533,,,18.503,14953270,50.54,4,62.6,0,False,OK
K_B2_f0_c4_r5,4,4,-1,1000,60,10,2,true,false,800,dummy,4,4,4,1000,1000,1000000,0.9,0.1,0,0,0,0,4,0,0,0,312222.36,12.822,12.827,16.046,18.509,62.44,19496680,1439505,True,4,4,311590.23,12.833,,,17.443,15764704,50.53,4,62.59,0,False,OK
K_B1_lead_c8_r5,4,2,-1,1000,60,10,2,true,false,200,dummy,4,4,4,1000,1000,1000000,0.9,0.1,0,0,0,0,0,8,0,0,161451.44,12.38,12.513,15.374,17.304,62.45,10083000,720679,True,2,4,161960.72,12.344,,,16.454,8181952,50.5,2,62.47,0,False,OK
K_B1_lead_c6_r5,4,2,-1,1000,60,10,2,true,false,200,dummy,4,4,4,1000,1000,1000000,0.9,0.1,0,0,0,0,0,6,0,0,167792.81,11.913,11.863,14.069,15.412,62.52,10490102,729093,True,2,4,167515.98,11.935,,,15.634,8473978,50.56,2,62.53,0,False,OK
K_B2_lead_c6_r5,4,4,-1,1000,60,10,2,true,false,800,dummy,4,4,4,1000,1000,1000000,0.9,0.1,0,0,0,0,0,6,0,0,293984.65,13.617,12.933,14.723,17.946,62.5,18375200,1440239,True,4,4,292028.2,13.693,,,18.458,14790830,50.58,4,62.65,0,False,OK
K_B3_lead_c1_r5,4,8,-1,1000,60,10,2,true,false,1600,dummy,4,4,4,1000,1000,1000000,0.9,0.1,0,0,0,0,0,1,0,0,191438.76,41.857,41.231,48.443,52.058,62.46,11956800,2860564,True,8,4,191010.65,41.876,,,55.299,9667250,50.45,8,62.75,0,False,OK
K_B3_lead_f0_f3_c2_r5,4,8,-1,1000,60,10,2,true,false,1600,dummy,4,4,4,1000,1000,1000000,0.9,0.1,0,0,0,0,2,2,0,2,280394.06,28.579,26.579,31.134,33.704,62.52,17529600,2814759,True,8,4,277194.71,28.845,,,37.23,14048533,50.53,8,62.8,0,False,OK
K_B3_lead_f0_f3_c4_r5,4,8,-1,1000,60,10,2,true,false,1600,dummy,4,4,4,1000,1000,1000000,0.9,0.1,0,0,0,0,4,4,0,4,375238.2,21.353,21.175,25.068,27.34,62.53,23464585,2779435,True,8,4,375365.73,21.308,,,27.151,19031354,50.54,8,62.82,0,False,OK
K_B1_f0_c1_r5,4,2,-1,1000,60,10,2,true,false,200,dummy,4,4,4,1000,1000,1000000,0.9,0.1,0,0,0,0,1,0,0,0,164478.13,12.152,11.883,12.357,13.275,62.5,10280646,715481,True,2,4,163952.99,12.194,,,14.611,8291652,50.56,2,62.52,0,False,OK
K_B3_lead_f0_c4_r5,4,8,-1,1000,60,10,2,true,false,1600,dummy,4,4,4,1000,1000,1000000,0.9,0.1,0,0,0,0,4,4,0,0,383391.54,20.899,20.48,23.713,25.981,62.66,24022754,2777982,True,8,4,382553.71,20.908,,,26.402,19443924,50.67,8,62.94,0,False,OK
K_B2_f3_c8_r5,4,4,-1,1000,60,10,2,true,false,800,dummy,4,4,4,1000,1000,1000000,0.9,0.1,0,0,0,0,0,0,0,8,315752.15,12.678,12.198,15.282,17.812,62.32,19677380,1455376,True,4,4,313645.02,12.748,,,17.327,15830486,50.4,4,62.47,0,False,OK
K_B4_lead_f0_c8_r5,4,8,-1,4000,60,10,2,true,false,3200,dummy,4,4,4,1000,1000,1000000,0.9,0.1,0,0,0,0,8,8,0,0,467486.65,68.41,62.361,72.546,89.438,62.67,29298109,2703768,True,8,4,461805.79,69.283,,,99.505,23436900,50.59,8,62.85,0,False,OK
K_B3_f3_c6_r5,4,8,-1,1000,60,10,2,true,false,1600,dummy,4,4,4,1000,1000,1000000,0.9,0.1,0,0,0,0,0,0,0,6,458596.38,17.472,16.514,19.123,23.497,62.61,28711093,2737401,True,8,4,456327.89,17.526,,,26.186,23175801,50.62,8,62.89,0,False,OK
K_B2_lead_f3_c3_r5,4,4,-1,1000,60,10,2,true,false,800,dummy,4,4,4,1000,1000,1000000,0.9,0.1,0,0,0,0,0,3,0,3,298772.73,13.399,13.303,16.678,22.837,62.36,18631550,1434042,True,4,4,300101.8,13.324,,,16.651,15159370,50.45,4,62.51,0,False,OK
K_B3_lead_f0_f3_c6_r5,4,8,-1,1000,60,10,2,true,false,1600,dummy,4,4,4,1000,1000,1000000,0.9,0.1,0,0,0,0,6,6,0,6,418167.91,19.16,17.68,20.356,23.698,62.62,26187200,2776300,True,8,4,414417.41,19.299,,,25.148,21052813,50.64,8,62.91,0,False,OK
K_B2_f0_c1_r5,4,4,-1,1000,60,10,2,true,false,800,dummy,4,4,4,1000,1000,1000000,0.9,0.1,0,0,0,0,1,0,0,0,279376.39,14.329,12.242,14.211,15.798,62.51,17463365,1435215,True,4,4,271728.34,14.716,,,84.724,13762949,50.58,4,62.65,0,False,OK
K_B2_lead_c2_r5,4,4,-1,1000,60,10,2,true,false,800,dummy,4,4,4,1000,1000,1000000,0.9,0.1,0,0,0,0,0,2,0,0,276339.82,14.486,14.083,17.548,20.108,62.39,17240800,1448209,True,4,4,276866.61,14.442,,,18.517,13990533,50.46,4,62.54,0,False,OK
K_B3_f3_c4_r5,4,8,-1,1000,60,10,2,true,false,1600,dummy,4,4,4,1000,1000,1000000,0.9,0.1,0,0,0,0,0,0,0,4,430922.18,18.589,17.308,20.875,23.943,62.69,27014971,2733045,True,8,4,429492.13,18.619,,,27.797,21852601,50.76,8,62.97,0,False,OK
K_B2_f3_c3_r5,4,4,-1,1000,60,10,2,true,false,800,dummy,4,4,4,1000,1000,1000000,0.9,0.1,0,0,0,0,0,0,0,3,309159.98,12.948,13.151,14.661,17.62,62.28,19255723,1433806,True,4,4,310493.36,12.878,,,15.6,15658635,50.37,4,62.43,0,False,OK
K_B3_f3_c1_r5,4,8,-1,1000,60,10,2,true,false,1600,dummy,4,4,4,1000,1000,1000000,0.9,0.1,0,0,0,0,0,0,0,1,443141.28,18.082,17.096,20.038,23.63,62.46,27678400,2755162,True,8,4,442265.1,18.084,,,24.569,22396057,50.48,8,62.74,0,False,OK
K_B2_f0_c6_r5,4,4,-1,1000,60,10,2,true,false,800,dummy,4,4,4,1000,1000,1000000,0.9,0.1,0,0,0,0,6,0,0,0,315233.04,12.698,12.608,16.054,17.871,62.54,19715848,1434532,True,4,4,316638.98,12.628,,,17.043,16051385,50.63,4,62.69,0,False,OK
K_B3_f0_c8_r5,4,8,-1,1000,60,10,2,true,false,1600,dummy,4,4,4,1000,1000,1000000,0.9,0.1,0,0,0,0,8,0,0,0,315284.74,21.836,20.823,24.597,26.866,62.58,19731716,2828674,True,8,4,312394.68,21.932,,,28.286,15851727,50.59,8,62.87,0,False,OK
K_B2_f3_c4_r5,4,4,-1,1000,60,10,2,true,false,800,dummy,4,4,4,1000,1000,1000000,0.9,0.1,0,0,0,0,0,0,0,4,309190.28,12.947,12.286,13.417,16.522,62.47,19316426,1460095,True,4,4,306752.57,13.035,,,18.262,15528358,50.56,4,62.62,0,False,OK
K_B2_f3_c2_r5,4,4,-1,1000,60,10,2,true,false,800,dummy,4,4,4,1000,1000,1000000,0.9,0.1,0,0,0,0,0,0,0,2,277018.78,14.405,12.971,16.029,18.144,62.38,17281568,1435174,True,4,4,272354.0,14.567,,,114.219,13784694,50.55,4,62.53,0,False,OK
K_B3_f0_c6_r5,4,8,-1,1000,60,10,2,true,false,1600,dummy,4,4,4,1000,1000,1000000,0.9,0.1,0,0,0,0,6,0,0,0,416354.34,19.245,17.4,22.672,28.34,62.6,26065600,2749867,True,8,4,413572.82,19.339,,,31.574,21001113,50.62,8,62.89,0,False,OK
K_B4_lead_f0_f3_c3_r5,4,8,-1,4000,60,10,2,true,false,3200,dummy,4,4,4,1000,1000,1000000,0.9,0.1,0,0,0,0,3,3,0,3,411760.17,77.534,74.211,82.239,87.756,62.61,25778637,2753155,True,8,4,409063.83,78.07,,,238.313,20731793,50.51,8,62.79,0,False,OK
K_B4_lead_f0_c2_r5,4,8,-1,4000,60,10,2,true,false,3200,dummy,4,4,4,1000,1000,1000000,0.9,0.1,0,0,0,0,2,2,0,0,335813.06,95.223,92.16,102.437,114.338,62.69,21051494,2819688,True,8,4,334308.37,95.731,,,110.714,16965509,50.59,8,62.87,0,False,OK
K_B2_lead_f0_c1_r5,4,4,-1,1000,60,10,2,true,false,800,dummy,4,4,4,1000,1000,1000000,0.9,0.1,0,0,0,0,1,1,0,0,186285.14,21.492,21.131,24.003,25.734,62.46,11636000,1504880,True,4,4,186024.55,21.498,,,26.402,9410287,50.52,4,62.62,0,False,OK
K_B1_ctl_c0_r5,4,2,-1,1000,60,10,2,true,false,200,dummy,4,4,4,1000,1000,1000000,0.9,0.1,0,0,0,0,0,0,0,0,167456.0,11.936,12.106,14.667,16.143,62.71,10501775,729326,True,2,4,167819.33,11.913,,,15.912,8522154,50.76,2,62.73,0,False,OK
K_B3_f0_c3_r5,4,8,-1,1000,60,10,2,true,false,1600,dummy,4,4,4,1000,1000,1000000,0.9,0.1,0,0,0,0,3,0,0,0,448437.59,17.866,17.691,21.176,27.307,62.71,28119757,2739584,True,8,4,449095.3,17.809,,,25.064,22852980,50.73,8,62.99,0,False,OK
K_B2_lead_f0_c3_r5,4,4,-1,1000,60,10,2,true,false,800,dummy,4,4,4,1000,1000,1000000,0.9,0.1,0,0,0,0,3,3,0,0,314629.15,12.723,13.345,15.537,16.758,62.45,19649389,1430297,True,4,4,316960.84,12.615,,,15.488,16039933,50.54,4,62.6,0,False,OK
K_B4_lead_f3_c4_r5,4,8,-1,4000,60,10,2,true,false,3200,dummy,4,4,4,1000,1000,1000000,0.9,0.1,0,0,0,0,0,4,0,4,383776.94,83.332,80.087,91.525,101.245,62.73,24075005,2791951,True,8,4,382261.4,83.707,,,98.96,19417067,50.62,8,62.91,0,False,OK
K_B4_lead_f3_c3_r5,4,8,-1,4000,60,10,2,true,false,3200,dummy,4,4,4,1000,1000,1000000,0.9,0.1,0,0,0,0,0,3,0,3,401269.02,79.698,78.272,84.861,91.65,62.69,25155200,2742045,True,8,4,399917.91,80.008,,,224.646,20301244,50.6,8,62.87,0,False,OK
K_B3_lead_c3_r5,4,8,-1,1000,60,10,2,true,false,1600,dummy,4,4,4,1000,1000,1000000,0.9,0.1,0,0,0,0,0,3,0,0,383257.58,20.905,19.969,22.859,24.802,62.76,24054519,2763559,True,8,4,381267.37,20.977,,,25.371,19417352,50.76,8,63.05,0,False,OK
K_B1_lead_f0_c3_r5,4,2,-1,1000,60,10,2,true,false,200,dummy,4,4,4,1000,1000,1000000,0.9,0.1,0,0,0,0,3,3,0,0,166806.81,11.982,12.22,14.228,15.448,62.53,10430193,725975,True,2,4,167451.47,11.94,,,16.343,8472400,50.57,2,62.55,0,False,OK
K_B4_lead_f3_c8_r5,4,8,-1,4000,60,10,2,true,false,3200,dummy,4,4,4,1000,1000,1000000,0.9,0.1,0,0,0,0,0,8,0,8,453651.32,70.49,66.224,73.824,86.015,62.71,28448200,2745546,True,8,4,449440.42,71.177,,,186.17,22827089,50.63,8,62.89,0,False,OK
K_B2_f3_c6_r5,4,4,-1,1000,60,10,2,true,false,800,dummy,4,4,4,1000,1000,1000000,0.9,0.1,0,0,0,0,0,0,0,6,305898.37,13.086,13.223,15.568,18.528,62.29,19054400,1431169,True,4,4,306287.16,13.055,,,16.01,15449403,50.37,4,62.44,0,False,OK
K_B3_lead_f0_f3_c1_r5,4,8,-1,1000,60,10,2,true,false,1600,dummy,4,4,4,1000,1000,1000000,0.9,0.1,0,0,0,0,1,1,0,1,182838.41,43.825,43.283,49.41,52.699,62.43,11414828,2841195,True,8,4,182525.1,43.827,,,55.877,9233360,50.44,8,62.71,0,False,OK
K_B1_lead_f0_f3_c2_r5,4,2,-1,1000,60,10,2,true,false,200,dummy,4,4,4,1000,1000,1000000,0.9,0.1,0,0,0,0,2,2,0,2,156253.39,12.791,12.628,13.44,13.927,62.48,9763440,729946,True,2,4,155980.19,12.818,,,14.921,7883435,50.52,2,62.5,0,False,OK
K_B3_ctl_c0_r5,4,8,-1,1000,60,10,2,true,false,1600,dummy,4,4,4,1000,1000,1000000,0.9,0.1,0,0,0,0,0,0,0,0,442933.02,18.089,16.466,21.182,25.398,62.46,27664405,2745075,True,8,4,438699.82,18.23,,,26.823,22214871,50.48,8,62.74,0,False,OK
K_B1_lead_f0_f3_c4_r5,4,2,-1,1000,60,10,2,true,false,200,dummy,4,4,4,1000,1000,1000000,0.9,0.1,0,0,0,0,4,4,0,4,173713.29,11.505,11.273,13.196,14.916,62.54,10864455,714328,True,2,4,173343.77,11.532,,,17.224,8773359,50.59,2,62.56,0,False,OK
K_B4_lead_f0_c3_r5,4,8,-1,4000,60,10,2,true,false,3200,dummy,4,4,4,1000,1000,1000000,0.9,0.1,0,0,0,0,3,3,0,0,409553.22,78.08,72.726,81.487,93.101,62.64,25654400,2743682,True,8,4,405510.05,78.906,,,89.832,20562346,50.56,8,62.82,0,False,OK
K_B1_lead_f3_c1_r5,4,2,-1,1000,60,10,2,true,false,200,dummy,4,4,4,1000,1000,1000000,0.9,0.1,0,0,0,0,0,1,0,1,126787.86,15.754,15.151,17.054,18.389,62.43,7915794,736976,True,2,4,126090.45,15.844,,,23.137,6366840,50.47,2,62.45,0,False,OK
K_B4_f0_c1_r5,4,8,-1,4000,60,10,2,true,false,3200,dummy,4,4,4,1000,1000,1000000,0.9,0.1,0,0,0,0,1,0,0,0,407602.19,77.713,75.132,82.861,175.719,62.72,25563789,2758791,True,8,4,404453.68,78.257,,,348.015,20543730,50.64,8,62.9,0,False,OK
K_B3_lead_f3_c8_r5,4,8,-1,1000,60,10,2,true,false,1600,dummy,4,4,4,1000,1000,1000000,0.9,0.1,0,0,0,0,0,8,0,8,427172.06,18.757,17.485,21.708,25.712,62.49,26693436,2752013,True,8,4,423916.32,18.866,,,25.818,21477310,50.51,8,62.78,0,False,OK
K_B1_lead_f0_c2_r5,4,2,-1,1000,60,10,2,true,false,200,dummy,4,4,4,1000,1000,1000000,0.9,0.1,0,0,0,0,2,2,0,0,158079.78,12.644,12.382,13.689,16.549,62.47,9875575,736295,True,2,4,157413.73,12.701,,,17.714,7955175,50.51,2,62.49,0,False,OK
K_B2_ctl_c0_r5,4,4,-1,1000,60,10,2,true,false,800,dummy,4,4,4,1000,1000,1000000,0.9,0.1,0,0,0,0,0,0,0,0,306275.5,13.07,12.705,15.091,18.144,62.52,19148535,1425450,True,4,4,306006.24,13.067,,,16.395,15505514,50.6,4,62.67,0,False,OK
K_B2_lead_c4_r5,4,4,-1,1000,60,10,2,true,false,800,dummy,4,4,4,1000,1000,1000000,0.9,0.1,0,0,0,0,0,4,0,0,299185.08,13.38,13.345,15.891,17.463,62.4,18669838,1437735,True,4,4,298697.81,13.387,,,17.352,15097658,50.48,4,62.55,0,False,OK
K_B3_lead_f0_c3_r5,4,8,-1,1000,60,10,2,true,false,1600,dummy,4,4,4,1000,1000,1000000,0.9,0.1,0,0,0,0,3,3,0,0,383214.74,20.909,20.312,23.203,25.243,62.59,23984792,2804652,True,8,4,382032.69,20.936,,,25.537,19390674,50.6,8,62.87,0,False,OK
K_B4_f3_c6_r5,4,8,-1,4000,60,10,2,true,false,3200,dummy,4,4,4,1000,1000,1000000,0.9,0.1,0,0,0,0,0,0,0,6,472934.77,67.63,68.291,77.104,90.262,62.78,29691144,2721698,True,8,4,475234.73,67.325,,,88.707,24171336,50.7,8,62.96,0,False,OK
K_B2_lead_f3_c1_r5,4,4,-1,1000,60,10,2,true,false,800,dummy,4,4,4,1000,1000,1000000,0.9,0.1,0,0,0,0,0,1,0,1,164442.23,24.346,22.072,25.05,26.868,62.41,10263200,1480678,True,4,4,163024.62,24.515,,,86.298,8239422,50.47,4,62.56,0,False,OK
K_B2_lead_f0_f3_c8_r5,4,4,-1,1000,60,10,2,true,false,800,dummy,4,4,4,1000,1000,1000000,0.9,0.1,0,0,0,0,8,8,0,8,307926.46,13.0,13.144,15.707,18.341,62.37,19204046,1441056,True,4,4,307316.48,13.011,,,18.544,15523312,50.44,4,62.51,0,False,OK
K_B3_lead_c6_r5,4,8,-1,1000,60,10,2,true,false,1600,dummy,4,4,4,1000,1000,1000000,0.9,0.1,0,0,0,0,0,6,0,0,419726.67,19.09,18.542,23.363,27.835,62.6,26273459,2747447,True,8,4,419840.95,19.05,,,29.006,21317074,50.62,8,62.88,0,False,OK
K_B4_f3_c8_r5,4,8,-1,4000,60,10,2,true,false,3200,dummy,4,4,4,1000,1000,1000000,0.9,0.1,0,0,0,0,0,0,0,8,448196.09,71.239,62.571,71.249,89.795,62.66,28083773,2751116,True,8,4,440017.48,72.575,,,175.688,22325598,50.57,8,62.84,0,False,OK
K_B3_lead_f3_c1_r5,4,8,-1,1000,60,10,2,true,false,1600,dummy,4,4,4,1000,1000,1000000,0.9,0.1,0,0,0,0,0,1,0,1,204153.11,39.207,38.157,43.97,46.902,62.56,12772785,2840701,True,8,4,203228.69,39.315,,,51.04,10306660,50.55,8,62.85,0,False,OK
K_B3_f0_c4_r5,4,8,-1,1000,60,10,2,true,false,1600,dummy,4,4,4,1000,1000,1000000,0.9,0.1,0,0,0,0,4,0,0,0,431865.32,18.553,16.316,21.286,25.207,62.55,27011220,2744186,True,8,4,426933.85,18.733,,,26.243,21656519,50.56,8,62.83,0,False,OK
K_B3_f3_c8_r5,4,8,-1,1000,60,10,2,true,false,1600,dummy,4,4,4,1000,1000,1000000,0.9,0.1,0,0,0,0,0,0,0,8,446318.18,17.953,16.424,20.867,26.792,62.53,27908800,2732749,True,8,4,443481.78,18.035,,,30.098,22490510,50.56,8,62.82,0,False,OK
K_B2_lead_f0_c4_r5,4,4,-1,1000,60,10,2,true,false,800,dummy,4,4,4,1000,1000,1000000,0.9,0.1,0,0,0,0,4,4,0,0,304394.19,13.151,12.721,15.849,18.561,62.41,18997366,1431595,True,4,4,302805.56,13.205,,,17.066,15308834,50.49,4,62.56,0,False,OK
K_B3_f3_c2_r5,4,8,-1,1000,60,10,2,true,false,1600,dummy,4,4,4,1000,1000,1000000,0.9,0.1,0,0,0,0,0,0,0,2,417144.49,19.194,16.779,19.33,22.708,62.65,26135981,2719799,True,8,4,408605.96,19.558,,,31.984,20771696,50.68,8,62.94,0,False,OK
K_B3_lead_c8_r5,4,8,-1,1000,60,10,2,true,false,1600,dummy,4,4,4,1000,1000,1000000,0.9,0.1,0,0,0,0,0,8,0,0,446061.93,17.962,17.128,21.636,24.749,62.59,27919431,2739065,True,8,4,443283.43,18.042,,,25.758,22505646,50.61,8,62.88,0,False,OK
K_B4_lead_f0_c6_r5,4,8,-1,4000,60,10,2,true,false,3200,dummy,4,4,4,1000,1000,1000000,0.9,0.1,0,0,0,0,6,6,0,0,436309.42,73.302,69.215,76.824,88.148,62.66,27340279,2723804,True,8,4,433643.66,73.788,,,89.159,22000713,50.57,8,62.84,0,False,OK
K_B4_f3_c3_r5,4,8,-1,4000,60,10,2,true,false,3200,dummy,4,4,4,1000,1000,1000000,0.9,0.1,0,0,0,0,0,0,0,3,441034.06,72.502,69.664,76.99,91.797,62.6,27607210,2716735,True,8,4,438797.27,72.873,,,265.84,22236272,50.53,8,62.77,0,False,OK
K_B1_lead_f0_f3_c8_r5,4,2,-1,1000,60,10,2,true,false,200,dummy,4,4,4,1000,1000,1000000,0.9,0.1,0,0,0,0,8,8,0,8,171067.98,11.684,11.391,14.092,15.61,62.5,10692400,727106,True,2,4,171072.37,11.687,,,16.263,8651862,50.55,2,62.52,0,False,OK
K_B4_ctl_c0_r5,4,8,-1,4000,60,10,2,true,false,3200,dummy,4,4,4,1000,1000,1000000,0.9,0.1,0,0,0,0,0,0,0,0,502925.15,61.008,57.567,80.66,151.068,0.88,441692,441692,False,8,4,0.0,0.0,,,0.0,0,50.32,8,1.06,49,True,OK
K_B2_f0_c8_r5,4,4,-1,1000,60,10,2,true,false,800,dummy,4,4,4,1000,1000,1000000,0.9,0.1,0,0,0,0,8,0,0,0,317435.16,12.611,12.55,14.139,17.094,62.4,19807647,1431256,True,4,4,317247.19,12.604,,,15.652,16037404,50.49,4,62.55,0,False,OK
K_B3_lead_f3_c6_r5,4,8,-1,1000,60,10,2,true,false,1600,dummy,4,4,4,1000,1000,1000000,0.9,0.1,0,0,0,0,0,6,0,6,402437.67,19.91,18.816,22.406,25.971,62.64,25207775,2763833,True,8,4,400889.67,19.951,,,28.908,20370262,50.66,8,62.92,0,False,OK
K_B1_lead_c4_r5,4,2,-1,1000,60,10,2,true,false,200,dummy,4,4,4,1000,1000,1000000,0.9,0.1,0,0,0,0,0,4,0,0,168204.25,11.883,12.054,14.345,15.58,62.67,10541503,716875,True,2,4,168231.51,11.884,,,15.193,8536858,50.72,2,62.69,0,False,OK
K_B4_lead_f0_f3_c6_r5,4,8,-1,4000,60,10,2,true,false,3200,dummy,4,4,4,1000,1000,1000000,0.9,0.1,0,0,0,0,6,6,0,6,431845.38,74.064,72.76,78.712,85.15,62.66,27058792,2758740,True,8,4,430212.37,74.371,,,85.345,21827072,50.57,8,62.84,0,False,OK
K_B4_lead_f3_c6_r5,4,8,-1,4000,60,10,2,true,false,3200,dummy,4,4,4,1000,1000,1000000,0.9,0.1,0,0,0,0,0,6,0,6,447770.91,71.428,69.281,77.964,88.24,62.74,28094297,2763217,True,8,4,446181.05,71.714,,,94.024,22673616,50.66,8,62.92,0,False,OK
K_B2_lead_f0_c2_r5,4,4,-1,1000,60,10,2,true,false,800,dummy,4,4,4,1000,1000,1000000,0.9,0.1,0,0,0,0,2,2,0,0,280865.66,14.253,14.027,16.345,19.783,62.49,17552084,1407923,True,4,4,280733.24,14.243,,,17.998,14215213,50.57,4,62.64,0,False,OK
K_B1_lead_f3_c3_r5,4,2,-1,1000,60,10,2,true,false,200,dummy,4,4,4,1000,1000,1000000,0.9,0.1,0,0,0,0,0,3,0,3,169999.94,11.758,11.621,13.562,14.997,62.52,10628178,724009,True,2,4,169598.56,11.788,,,14.744,8580191,50.57,2,62.54,0,False,OK
K_B2_lead_f3_c6_r5,4,4,-1,1000,60,10,2,true,false,800,dummy,4,4,4,1000,1000,1000000,0.9,0.1,0,0,0,0,0,6,0,6,306374.19,13.066,12.427,15.247,17.801,62.41,19119730,1443093,True,4,4,303839.12,13.16,,,16.886,15360186,50.49,4,62.55,0,False,OK
K_B2_lead_f0_f3_c6_r5,4,4,-1,1000,60,10,2,true,false,800,dummy,4,4,4,1000,1000,1000000,0.9,0.1,0,0,0,0,6,6,0,6,311395.29,12.855,12.95,14.63,17.327,62.38,19425600,1423672,True,4,4,311409.04,12.841,,,16.805,15735196,50.46,4,62.53,0,False,OK
K_B2_f3_c1_r5,4,4,-1,1000,60,10,2,true,false,800,dummy,4,4,4,1000,1000,1000000,0.9,0.1,0,0,0,0,0,0,0,1,315423.36,12.691,11.911,14.216,16.83,62.03,19567072,1431212,True,4,4,312911.95,12.833,,,23.817,15801155,50.43,4,62.18,0,False,OK
K_B1_lead_f0_c4_r5,4,2,-1,1000,60,10,2,true,false,200,dummy,4,4,4,1000,1000,1000000,0.9,0.1,0,0,0,0,4,4,0,0,162973.43,12.264,12.178,14.399,16.066,62.48,10183000,722707,True,2,4,162626.41,12.294,,,16.523,8219822,50.52,2,62.5,0,False,OK
K_B3_lead_f0_f3_c8_r5,4,8,-1,1000,60,10,2,true,false,1600,dummy,4,4,4,1000,1000,1000000,0.9,0.1,0,0,0,0,8,8,0,8,431331.77,18.577,17.506,21.61,28.167,62.48,26948571,2754821,True,8,4,428661.96,18.658,,,27.762,21714729,50.5,8,62.76,0,False,OK
K_B3_lead_c2_r5,4,8,-1,1000,60,10,2,true,false,1600,dummy,4,4,4,1000,1000,1000000,0.9,0.1,0,0,0,0,0,2,0,0,325384.01,24.626,23.81,27.195,29.334,62.76,20422400,2825318,True,8,4,323921.49,24.693,,,30.157,16496552,50.77,8,63.05,0,False,OK
K_B4_f3_c4_r5,4,8,-1,4000,60,10,2,true,false,3200,dummy,4,4,4,1000,1000,1000000,0.9,0.1,0,0,0,0,0,0,0,4,456182.85,70.09,66.91,97.386,105.274,62.68,28594357,2716337,True,8,4,455909.77,70.186,,,192.095,23143901,50.61,8,62.86,0,False,OK
K_B3_lead_f0_c8_r5,4,8,-1,1000,60,10,2,true,false,1600,dummy,4,4,4,1000,1000,1000000,0.9,0.1,0,0,0,0,8,8,0,0,435305.86,18.407,18.03,22.419,28.748,62.65,27270400,2750625,True,8,4,434977.92,18.387,,,27.429,22107126,50.66,8,62.93,0,False,OK
K_B4_lead_c2_r5,4,8,-1,4000,60,10,2,true,false,3200,dummy,4,4,4,1000,1000,1000000,0.9,0.1,0,0,0,0,0,2,0,0,345397.5,92.581,88.439,100.814,115.043,62.69,21653991,2769770,True,8,4,343338.99,93.197,,,122.568,17426547,50.6,8,62.87,0,False,OK
K_B1_lead_f0_f3_c1_r5,4,2,-1,1000,60,10,2,true,false,200,dummy,4,4,4,1000,1000,1000000,0.9,0.1,0,0,0,0,1,1,0,1,132210.23,15.118,14.91,17.056,18.595,62.54,8268200,745580,True,2,4,132094.89,15.136,,,18.671,6683031,50.57,2,62.55,0,False,OK
K_B4_lead_f0_f3_c8_r5,4,8,-1,4000,60,10,2,true,false,3200,dummy,4,4,4,1000,1000,1000000,0.9,0.1,0,0,0,0,8,8,0,8,470452.76,65.49,62.723,95.171,187.9,0.52,243687,243687,False,8,4,0.0,0.0,,,0.0,0,50.35,8,0.71,49,True,OK
K_B4_f3_c2_r5,4,8,-1,4000,60,10,2,true,false,3200,dummy,4,4,4,1000,1000,1000000,0.9,0.1,0,0,0,0,0,0,0,2,454317.33,70.397,68.839,80.787,95.893,62.63,28455705,2751753,True,8,4,453571.88,70.538,,,303.611,23003537,50.55,8,62.82,0,False,OK
K_B1_f3_c2_r5,4,2,-1,1000,60,10,2,true,false,200,dummy,4,4,4,1000,1000,1000000,0.9,0.1,0,0,0,0,0,0,0,2,164029.77,12.186,12.206,14.472,15.899,62.62,10272107,732882,True,2,4,163768.4,12.208,,,16.503,8300763,50.66,2,62.64,0,False,OK
K_B1_f0_c4_r5,4,2,-1,1000,60,10,2,true,false,200,dummy,4,4,4,1000,1000,1000000,0.9,0.1,0,0,0,0,4,0,0,0,165271.61,12.094,12.112,14.245,15.574,62.41,10314800,723075,True,2,4,165253.98,12.098,,,16.988,8341166,50.46,2,62.43,0,False,OK
K_B4_lead_c1_r5,4,8,-1,4000,60,10,2,true,false,3200,dummy,4,4,4,1000,1000,1000000,0.9,0.1,0,0,0,0,0,1,0,0,201468.16,158.685,155.491,169.529,179.236,62.56,12604800,2840026,True,8,4,200746.85,159.397,,,184.528,10162312,50.47,8,62.75,0,False,OK
K_B1_f0_c2_r5,4,2,-1,1000,60,10,2,true,false,200,dummy,4,4,4,1000,1000,1000000,0.9,0.1,0,0,0,0,2,0,0,0,175997.5,11.356,11.443,13.472,14.976,62.55,11009489,707653,True,2,4,176424.68,11.332,,,15.112,8931634,50.61,2,62.57,0,False,OK
K_B4_lead_f3_c1_r5,4,8,-1,4000,60,10,2,true,false,3200,dummy,4,4,4,1000,1000,1000000,0.9,0.1,0,0,0,0,0,1,0,1,200879.21,159.144,156.187,169.612,177.226,62.53,12560324,2805044,True,8,4,200211.46,159.758,,,215.118,10130334,50.44,8,62.72,0,False,OK
K_B2_lead_f0_f3_c3_r5,4,4,-1,1000,60,10,2,true,false,800,dummy,4,4,4,1000,1000,1000000,0.9,0.1,0,0,0,0,3,3,0,3,295617.6,13.541,13.401,16.24,17.666,62.36,18435250,1425067,True,4,4,295084.66,13.551,,,17.128,14903774,50.44,4,62.51,0,False,OK
K_B2_lead_f0_c6_r5,4,4,-1,1000,60,10,2,true,false,800,dummy,4,4,4,1000,1000,1000000,0.9,0.1,0,0,0,0,6,6,0,0,302851.99,13.218,13.221,15.604,17.394,62.5,18926863,1432598,True,4,4,302179.77,13.233,,,17.982,15304188,50.59,4,62.64,0,False,OK
K_B4_f0_c2_r5,4,8,-1,4000,60,10,2,true,false,3200,dummy,4,4,4,1000,1000,1000000,0.9,0.1,0,0,0,0,2,0,0,0,366370.37,39.781,38.493,74.806,103.534,62.68,22963220,2799796,True,8,4,365730.03,39.155,,,63.27,18556694,50.57,8,62.86,0,False,OK
K_B3_lead_f0_f3_c3_r5,4,8,-1,1000,60,10,2,true,false,1600,dummy,4,4,4,1000,1000,1000000,0.9,0.1,0,0,0,0,3,3,0,3,354773.36,22.586,21.156,24.278,25.931,62.47,22163200,2759589,True,8,4,352752.31,22.674,,,27.221,17864183,50.48,8,62.76,0,False,OK
K_B4_f0_c3_r5,4,8,-1,4000,60,10,2,true,false,3200,dummy,4,4,4,1000,1000,1000000,0.9,0.1,0,0,0,0,3,0,0,0,424305.28,75.372,68.852,78.129,88.464,62.71,26609147,2766610,True,8,4,420036.34,76.178,,,90.031,21330441,50.6,8,62.89,0,False,OK
K_B1_lead_f3_c8_r5,4,2,-1,1000,60,10,2,true,false,200,dummy,4,4,4,1000,1000,1000000,0.9,0.1,0,0,0,0,0,8,0,8,163231.4,12.245,12.454,14.894,16.351,62.58,10214567,726296,True,2,4,163421.17,12.234,,,19.038,8276268,50.61,2,62.59,0,False,OK
K_B3_lead_f3_c2_r5,4,8,-1,1000,60,10,2,true,false,1600,dummy,4,4,4,1000,1000,1000000,0.9,0.1,0,0,0,0,0,2,0,2,304675.19,26.29,24.94,28.618,30.763,62.53,19050392,2836328,True,8,4,302166.37,26.465,,,44.994,15317295,50.53,8,62.81,0,False,OK
K_B1_lead_c3_r5,4,2,-1,1000,60,10,2,true,false,200,dummy,4,4,4,1000,1000,1000000,0.9,0.1,0,0,0,0,0,3,0,0,164322.5,12.164,11.688,14.432,15.978,62.5,10270266,730527,True,2,4,163221.37,12.249,,,17.588,8253160,50.54,2,62.52,0,False,OK
K_B4_lead_c6_r5,4,8,-1,4000,60,10,2,true,false,3200,dummy,4,4,4,1000,1000,1000000,0.9,0.1,0,0,0,0,0,6,0,0,435273.82,73.474,70.859,81.094,92.848,62.6,27247306,2763501,True,8,4,432987.27,73.903,,,92.814,21938736,50.52,8,62.78,0,False,OK
K_B1_f0_c8_r5,4,2,-1,1000,60,10,2,true,false,200,dummy,4,4,4,1000,1000,1000000,0.9,0.1,0,0,0,0,8,0,0,0,169807.58,11.77,11.839,14.03,15.8,62.39,10594827,709018,True,2,4,169680.07,11.782,,,15.948,8562079,50.43,2,62.41,0,False,OK
K_B4_lead_f0_f3_c1_r5,4,8,-1,4000,60,10,2,true,false,3200,dummy,4,4,4,1000,1000,1000000,0.9,0.1,0,0,0,0,1,1,0,1,192917.54,165.685,161.856,179.737,196.931,62.6,12075993,2826372,True,8,4,192143.11,166.51,,,268.788,9730412,50.48,8,62.78,0,False,OK
K_B2_f0_c2_r5,4,4,-1,1000,60,10,2,true,false,800,dummy,4,4,4,1000,1000,1000000,0.9,0.1,0,0,0,0,2,0,0,0,323409.77,12.378,12.058,14.118,17.557,62.42,20187277,1427774,True,4,4,322084.98,12.414,,,15.592,16288870,50.51,4,62.57,0,False,OK
K_B4_lead_f0_c1_r5,4,8,-1,4000,60,10,2,true,false,3200,dummy,4,4,4,1000,1000,1000000,0.9,0.1,0,0,0,0,1,1,0,0,192111.1,166.391,162.757,178.604,191.625,62.56,12017982,2846582,True,8,4,191300.25,167.232,,,194.741,9682921,50.46,8,62.73,0,False,OK
K_B3_lead_f0_c2_r5,4,8,-1,1000,60,10,2,true,false,1600,dummy,4,4,4,1000,1000,1000000,0.9,0.1,0,0,0,0,2,2,0,0,329786.29,24.295,23.455,26.573,28.902,62.49,20606918,2814499,True,8,4,328230.33,24.367,,,29.358,16623814,50.49,8,62.77,0,False,OK
K_B4_lead_f0_f3_c4_r5,4,8,-1,4000,60,10,2,true,false,3200,dummy,4,4,4,1000,1000,1000000,0.9,0.1,0,0,0,0,4,4,0,4,397417.46,80.479,74.774,88.846,96.469,62.71,24921264,2767037,True,8,4,393811.53,81.252,,,119.836,19999360,50.62,8,62.9,0,False,OK
K_B3_f3_c3_r5,4,8,-1,1000,60,10,2,true,false,1600,dummy,4,4,4,1000,1000,1000000,0.9,0.1,0,0,0,0,0,0,0,3,395447.26,20.183,17.618,22.325,26.471,62.54,24731089,2742156,True,8,4,389076.47,20.462,,,45.24,19731297,50.56,8,62.82,0,False,OK
K_B1_f3_c8_r5,4,2,-1,1000,60,10,2,true,false,200,dummy,4,4,4,1000,1000,1000000,0.9,0.1,0,0,0,0,0,0,0,8,161381.76,12.386,12.34,14.551,15.799,62.59,10101651,726479,True,2,4,161057.41,12.414,,,16.394,8158953,50.64,2,62.61,0,False,OK
K_B4_f0_c4_r5,4,8,-1,4000,60,10,2,true,false,3200,dummy,4,4,4,1000,1000,1000000,0.9,0.1,0,0,0,0,4,0,0,0,434710.99,73.57,64.541,77.523,90.386,62.61,27215809,2752250,True,8,4,426020.96,75.099,,,87.876,21591076,50.52,8,62.79,0,False,OK
K_B4_lead_c3_r5,4,8,-1,4000,60,10,2,true,false,3200,dummy,4,4,4,1000,1000,1000000,0.9,0.1,0,0,0,0,0,3,0,0,412908.89,77.451,72.875,82.396,90.655,62.79,25926860,2732064,True,8,4,410194.76,77.999,,,93.636,20864133,50.71,8,62.97,0,False,OK
K_B2_lead_f0_c8_r5,4,4,-1,1000,60,10,2,true,false,800,dummy,4,4,4,1000,1000,1000000,0.9,0.1,0,0,0,0,8,8,0,0,305170.26,13.118,13.171,15.498,17.533,62.47,19062652,1445123,True,4,4,306461.79,13.048,,,17.901,15511680,50.54,4,62.62,0,False,OK
K_B4_lead_f0_f3_c2_r5,4,8,-1,4000,60,10,2,true,false,3200,dummy,4,4,4,1000,1000,1000000,0.9,0.1,0,0,0,0,2,2,0,2,310844.75,102.87,97.729,110.622,119.742,62.54,19440000,2760832,True,8,4,308667.76,103.668,,,243.913,15620510,50.45,8,62.72,0,False,OK
K_B2_lead_c8_r5,4,4,-1,1000,60,10,2,true,false,800,dummy,4,4,4,1000,1000,1000000,0.9,0.1,0,0,0,0,0,8,0,0,305676.82,13.097,13.56,16.163,17.883,62.52,19111134,1435488,True,4,4,307195.61,13.017,,,17.435,15567181,50.61,4,62.67,0,False,OK
K_B1_lead_c2_r5,4,2,-1,1000,60,10,2,true,false,200,dummy,4,4,4,1000,1000,1000000,0.9,0.1,0,0,0,0,0,2,0,0,158858.5,12.582,12.407,13.349,14.086,62.52,9931200,733743,True,2,4,158804.24,12.59,,,15.139,8032580,50.56,2,62.53,0,False,OK
K_B2_lead_f3_c8_r5,4,4,-1,1000,60,10,2,true,false,800,dummy,4,4,4,1000,1000,1000000,0.9,0.1,0,0,0,0,0,8,0,8,308537.61,12.975,12.94,15.412,18.601,62.38,19246030,1452055,True,4,4,308175.54,12.975,,,17.015,15571353,50.46,4,62.53,0,False,OK
K_B1_lead_f3_c4_r5,4,2,-1,1000,60,10,2,true,false,200,dummy,4,4,4,1000,1000,1000000,0.9,0.1,0,0,0,0,0,4,0,4,163798.91,12.203,12.549,14.952,16.365,62.58,10251107,723539,True,2,4,163975.28,12.192,,,15.649,8304922,50.62,2,62.6,0,False,OK
K_B3_f0_c2_r5,4,8,-1,1000,60,10,2,true,false,1600,dummy,4,4,4,1000,1000,1000000,0.9,0.1,0,0,0,0,2,0,0,0,391126.0,20.453,19.075,22.215,26.121,62.47,24434180,2752002,True,8,4,385761.23,20.698,,,39.087,19537660,50.48,8,62.76,0,False,OK
K_B4_f0_c8_r5,4,8,-1,4000,60,10,2,true,false,3200,dummy,4,4,4,1000,1000,1000000,0.9,0.1,0,0,0,0,8,0,0,0,451774.58,70.749,66.1,73.167,84.143,62.64,28300879,2744167,True,8,4,446660.73,71.576,,,171.408,22655746,50.56,8,62.83,0,False,OK
K_B1_f0_c6_r5,4,2,-1,1000,60,10,2,true,false,200,dummy,4,4,4,1000,1000,1000000,0.9,0.1,0,0,0,0,6,0,0,0,168878.01,11.835,11.736,14.28,16.122,62.57,10566240,721563,True,2,4,168754.72,11.848,,,17.382,8544666,50.61,2,62.58,0,False,OK
K_B2_lead_f0_f3_c2_r5,4,4,-1,1000,60,10,2,true,false,800,dummy,4,4,4,1000,1000,1000000,0.9,0.1,0,0,0,0,2,2,0,2,254475.44,15.73,14.688,16.71,17.975,62.02,15782356,1440361,True,4,4,251525.37,15.899,,,19.328,12709432,50.46,4,62.16,0,False,OK
K_B1_lead_f0_f3_c6_r5,4,2,-1,1000,60,10,2,true,false,200,dummy,4,4,4,1000,1000,1000000,0.9,0.1,0,0,0,0,6,6,0,6,164844.57,12.125,11.623,14.113,15.99,62.43,10290600,727817,True,2,4,165862.45,12.053,,,18.171,8375089,50.47,2,62.44,0,False,OK
K_B1_lead_f0_c8_r5,4,2,-1,1000,60,10,2,true,false,200,dummy,4,4,4,1000,1000,1000000,0.9,0.1,0,0,0,0,8,8,0,0,162857.57,12.272,12.655,16.804,18.475,62.45,10171030,731206,True,2,4,164034.65,12.188,,,17.066,8286382,50.5,2,62.47,0,False,OK
K_B1_f3_c4_r5,4,2,-1,1000,60,10,2,true,false,200,dummy,4,4,4,1000,1000,1000000,0.9,0.1,0,0,0,0,0,0,0,4,169400.38,11.799,12.212,14.43,15.77,62.51,10589691,715361,True,2,4,169508.75,11.794,,,15.485,8573641,50.56,2,62.53,0,False,OK
K_B1_f3_c3_r5,4,2,-1,1000,60,10,2,true,false,200,dummy,4,4,4,1000,1000,1000000,0.9,0.1,0,0,0,0,0,0,0,3,176562.21,11.32,11.191,12.79,13.689,62.51,11036400,720205,True,2,4,175594.92,11.385,,,16.385,8881429,50.55,2,62.52,0,False,OK
K_B4_lead_c8_r5,4,8,-1,4000,60,10,2,true,false,3200,dummy,4,4,4,1000,1000,1000000,0.9,0.1,0,0,0,0,0,8,0,0,430951.23,74.216,68.505,80.768,87.093,62.73,27032500,2742167,True,8,4,425279.15,75.231,,,95.385,21604920,50.65,8,62.91,0,False,OK
K_B1_lead_f0_f3_c3_r5,4,2,-1,1000,60,10,2,true,false,200,dummy,4,4,4,1000,1000,1000000,0.9,0.1,0,0,0,0,3,3,0,3,150822.09,13.252,13.113,14.269,15.232,62.53,9431000,731930,True,2,4,150668.93,13.27,,,15.506,7623167,50.57,2,62.55,0,False,OK
K_B2_f0_c3_r5,4,4,-1,1000,60,10,2,true,false,800,dummy,4,4,4,1000,1000,1000000,0.9,0.1,0,0,0,0,3,0,0,0,304572.77,13.143,13.056,14.64,16.353,62.47,19025566,1435100,True,4,4,305250.1,13.099,,,17.388,15449894,50.55,4,62.61,0,False,OK
K_B2_lead_f0_f3_c1_r5,4,4,-1,1000,60,10,2,true,false,800,dummy,4,4,4,1000,1000,1000000,0.9,0.1,0,0,0,0,1,1,0,1,161226.04,24.833,22.397,25.522,27.283,62.37,10055200,1489630,True,4,4,157559.97,25.273,,,129.244,7954541,50.42,4,62.52,0,False,OK
K_B2_lead_c3_r5,4,4,-1,1000,60,10,2,true,false,800,dummy,4,4,4,1000,1000,1000000,0.9,0.1,0,0,0,0,0,3,0,0,301565.05,13.275,13.146,15.63,17.617,62.42,18822542,1435583,True,4,4,300023.96,13.327,,,17.248,15170047,50.49,4,62.56,0,False,OK
K_B3_lead_f0_c6_r5,4,8,-1,1000,60,10,2,true,false,1600,dummy,4,4,4,1000,1000,1000000,0.9,0.1,0,0,0,0,6,6,0,0,422152.24,18.981,18.17,22.274,25.661,62.72,26476833,2746424,True,8,4,421059.98,18.995,,,25.492,21431386,50.74,8,63.01,0,False,OK
K_B3_f0_c1_r5,4,8,-1,1000,60,10,2,true,false,1600,dummy,4,4,4,1000,1000,1000000,0.9,0.1,0,0,0,0,1,0,0,0,394504.84,19.983,18.461,20.092,29.399,62.63,24709518,2770963,True,8,4,390000.39,20.128,,,34.879,19814201,50.65,8,62.92,0,False,OK
K_B1_f3_c1_r5,4,2,-1,1000,60,10,2,true,false,200,dummy,4,4,4,1000,1000,1000000,0.9,0.1,0,0,0,0,0,0,0,1,180356.17,10.006,11.328,13.687,15.396,62.56,11283457,707419,True,2,4,180685.61,9.832,,,22.302,9153889,50.63,2,62.58,0,False,OK
K_B2_lead_c1_r5,4,4,-1,1000,60,10,2,true,false,800,dummy,4,4,4,1000,1000,1000000,0.9,0.1,0,0,0,0,0,1,0,0,187069.93,21.402,20.999,24.008,26.169,62.53,11698400,1482447,True,4,4,186645.34,21.427,,,26.069,9454922,50.59,4,62.69,0,False,OK
K_B3_lead_c4_r5,4,8,-1,1000,60,10,2,true,false,1600,dummy,4,4,4,1000,1000,1000000,0.9,0.1,0,0,0,0,0,4,0,0,388783.01,20.609,20.164,23.298,25.455,62.73,24386935,2741433,True,8,4,388126.49,20.607,,,26.014,19755841,50.74,8,63.01,0,False,OK
K_B3_lead_f0_c1_r5,4,8,-1,1000,60,10,2,true,false,1600,dummy,4,4,4,1000,1000,1000000,0.9,0.1,0,0,0,0,1,1,0,0,189881.4,42.202,41.614,47.416,50.912,62.54,11875172,2848706,True,8,4,189407.82,42.228,,,51.737,9601763,50.54,8,62.83,0,False,OK
K_B4_lead_f3_c2_r5,4,8,-1,4000,60,10,2,true,false,3200,dummy,4,4,4,1000,1000,1000000,0.9,0.1,0,0,0,0,0,2,0,2,349072.6,91.592,86.831,97.379,115.051,62.65,21867960,2770221,True,8,4,346559.38,92.314,,,253.356,17575571,50.55,8,62.83,0,False,OK
K_B4_f3_c1_r5,4,8,-1,4000,60,10,2,true,false,3200,dummy,4,4,4,1000,1000,1000000,0.9,0.1,0,0,0,0,0,0,0,1,444919.87,71.89,71.19,77.403,95.089,62.76,27922882,2730580,True,8,4,444374.14,72.004,,,101.247,22591356,50.68,8,62.94,0,False,OK
K_B1_lead_f3_c2_r5,4,2,-1,1000,60,10,2,true,false,200,dummy,4,4,4,1000,1000,1000000,0.9,0.1,0,0,0,0,0,2,0,2,153031.64,13.061,13.003,14.129,15.2,62.51,9566284,741690,True,2,4,152931.22,13.073,,,15.162,7733972,50.55,2,62.53,0,False,OK
K_B4_lead_c4_r5,4,8,-1,4000,60,10,2,true,false,3200,dummy,4,4,4,1000,1000,1000000,0.9,0.1,0,0,0,0,0,4,0,0,383062.92,83.484,78.517,89.064,96.742,62.56,23962690,2793039,True,8,4,379494.45,84.316,,,100.763,19210693,50.45,8,62.74,0,False,OK
K_B1_lead_f0_c1_r5,4,2,-1,1000,60,10,2,true,false,200,dummy,4,4,4,1000,1000,1000000,0.9,0.1,0,0,0,0,1,1,0,0,135107.71,14.794,14.333,16.438,18.851,62.47,8440800,741631,True,2,4,135109.63,14.798,,,18.374,6827021,50.51,2,62.49,0,False,OK
K_B4_f0_c6_r5,4,8,-1,4000,60,10,2,true,false,3200,dummy,4,4,4,1000,1000,1000000,0.9,0.1,0,0,0,0,6,0,0,0,445038.94,71.879,67.681,79.452,91.846,62.82,27955613,2737645,True,8,4,441550.19,72.463,,,94.22,22478433,50.75,8,63.01,0,False,OK
K_B1_f0_c3_r5,4,2,-1,1000,60,10,2,true,false,200,dummy,4,4,4,1000,1000,1000000,0.9,0.1,0,0,0,0,3,0,0,0,168426.2,11.867,12.661,16.207,18.011,62.58,10540188,710987,True,2,4,170513.74,11.724,,,15.393,8635284,50.62,2,62.6,0,False,OK
K_B3_lead_f3_c3_r5,4,8,-1,1000,60,10,2,true,false,1600,dummy,4,4,4,1000,1000,1000000,0.9,0.1,0,0,0,0,0,3,0,3,390665.31,20.491,18.384,20.863,22.702,62.58,24449564,2772892,True,8,4,384081.25,20.795,,,42.394,19495846,50.6,8,62.87,0,False,OK
K_B3_lead_f3_c4_r5,4,8,-1,1000,60,10,2,true,false,1600,dummy,4,4,4,1000,1000,1000000,0.9,0.1,0,0,0,0,0,4,0,4,378733.82,21.156,20.724,24.173,26.494,62.63,23721638,2784112,True,8,4,377768.46,21.171,,,26.95,19192139,50.64,8,62.92,0,False,OK
K_B1_lead_c1_r5,4,2,-1,1000,60,10,2,true,false,200,dummy,4,4,4,1000,1000,1000000,0.9,0.1,0,0,0,0,0,1,0,0,130485.68,15.318,15.16,15.825,17.34,62.47,8152000,747367,True,2,4,130432.8,15.328,,,17.533,6590115,50.5,2,62.49,0,False,OK
K_B1_lead_f3_c6_r5,4,2,-1,1000,60,10,2,true,false,200,dummy,4,4,4,1000,1000,1000000,0.9,0.1,0,0,0,0,0,6,0,6,169524.98,11.789,11.998,14.958,17.456,62.57,10607394,722973,True,2,4,170094.11,11.754,,,15.486,8613425,50.61,2,62.59,0,False,OK
K_B2_lead_f0_f3_c4_r5,4,4,-1,1000,60,10,2,true,false,800,dummy,4,4,4,1000,1000,1000000,0.9,0.1,0,0,0,0,4,4,0,4,304760.66,13.135,13.003,15.881,18.492,62.47,19038592,1431317,True,4,4,303805.98,13.162,,,19.383,15378025,50.55,4,62.62,0,False,OK
K_B2_lead_f3_c2_r5,4,4,-1,1000,60,10,2,true,false,800,dummy,4,4,4,1000,1000,1000000,0.9,0.1,0,0,0,0,0,2,0,2,242726.69,16.444,13.776,15.965,17.428,62.44,15156771,1442652,True,4,4,235815.44,16.925,,,200.758,11929571,50.53,4,62.49,0,False,OK
